id,address1,address2,city,postcode,county,country_id,email,last_modified_user_id,last_modified_date,created_user_id,created_date,parent_class,parent_id,date_start,date_end,address_type_id
9384,"11, Beaufort Lane",Rowsley,"St Pauls","SP71 1DC","West Yorkshire",1,Lillian.Burns@hotmail.com,1,"2012-03-08 13:36:53",1,"2000-01-01 00:00:00",Contact,9501,NULL,NULL,2
9385,"65, Wakeham Court","Hail Weston",Hebburn,"NT81 3RQ","South Glamorgan",1,Kimberly.Paterson@hotmail.com,1,"2012-03-08 13:36:53",1,"2000-01-01 00:00:00",Contact,9502,NULL,NULL,2
9386,"90, Toy Court",Harrington,Warwick,"FI25 9MD",,1,Sandra.Branch@hotmail.com,1,"2012-03-08 13:36:53",1,"2000-01-01 00:00:00",Contact,9503,NULL,NULL,2
9387,"23, Barford Street",,Bawtry,"EA29 3BB",,1,Victor.Butterfield@hotmail.com,1,"2012-03-08 13:36:53",1,"2000-01-01 00:00:00",Contact,9504,NULL,NULL,2
9388,"52, Alberts Lane",,Coldstream,"BC72 9GD","South Glamorgan",1,Lizzie.Toy@hotmail.com,1,"2012-03-08 13:36:53",1,"2000-01-01 00:00:00",Contact,9505,NULL,NULL,2
9389,"51, Colegrove Road",,"Compton Abdale","BQ84 3YC",Bedfordshire,1,Sue.White@hotmail.com,1,"2012-03-08 13:36:53",1,"2000-01-01 00:00:00",Contact,9506,NULL,NULL,2
9390,"41, Allam Road",,Brynsiencyn,"KG38 5CV",Hertfordshire,1,Malcolm.Church@hotmail.com,1,"2012-03-08 13:36:53",1,"2000-01-01 00:00:00",Contact,9507,NULL,NULL,2
9391,"37, White Street",Grainthorpe,Ullingswick,"QC54 5UR",,1,Priscilla.May@hotmail.com,1,"2012-03-08 13:36:53",1,"2000-01-01 00:00:00",Contact,9508,NULL,NULL,2
9392,"97, Rodham Road",Bannockburn,"Epping Green","OS98 7NN","County Down",1,Georgiana.Aaronson@hotmail.com,1,"2012-03-08 13:36:53",1,"2000-01-01 00:00:00",Contact,9509,NULL,NULL,2
9393,"101, Webbe Lane","Nethy Bridge","North Petherton","EG11 6VA",Cleveland,1,Linda.Molyneux@hotmail.com,1,"2012-03-08 13:36:54",1,"2000-01-01 00:00:00",Contact,9510,NULL,NULL,2
9394,"75, Cowper Road",,"Haydon Bridge","CD14 2HB",Hampshire,1,Naomi.Barnhill@hotmail.com,1,"2012-03-08 13:36:54",1,"2000-01-01 00:00:00",Contact,9511,NULL,NULL,2
9395,"50, Ebelthite Lane",,Hailsham,"MZ89 4ZY",Kent,1,Tamara.Allam@hotmail.com,1,"2012-03-08 13:36:54",1,"2000-01-01 00:00:00",Contact,9512,NULL,NULL,2
9396,"100, Whately Road",,Ardbeg,"DJ91 2PR",Derbyshire,1,Lillian.Wood@hotmail.com,1,"2012-03-08 13:36:54",1,"2000-01-01 00:00:00",Contact,9513,NULL,NULL,2
9397,"27, Davis Road",,Atherton,"NO39 7HL",Hampshire,1,Lillian.Witter@hotmail.com,1,"2012-03-08 13:36:54",1,"2000-01-01 00:00:00",Contact,9514,NULL,NULL,2
9398,"92, Cockerell Crescent",,Whitchurch,"GL28 2KU",Derbyshire,1,Kerr.Robinson@hotmail.com,1,"2012-03-08 13:36:54",1,"2000-01-01 00:00:00",Contact,9515,NULL,NULL,2
9399,"17, Sharpe Street",,Foolow,"BU15 8LM",,1,Melissa.Michaels@hotmail.com,1,"2012-03-08 13:36:54",1,"2000-01-01 00:00:00",Contact,9516,NULL,NULL,2
9401,"38, Fellows Avenue",Caerleon,Wollaston,"JH96 9QS",,1,Annie.Wilkinson@hotmail.com,1,"2012-03-08 13:36:54",1,"2000-01-01 00:00:00",Contact,9518,NULL,NULL,2
9402,"62, Cruger Road",Higham-on-the-Hill,Brownhills,"BM79 3SQ",Warwickshire,1,Lucinda.Carrier@hotmail.com,1,"2012-03-08 13:36:54",1,"2000-01-01 00:00:00",Contact,9519,NULL,NULL,2
9403,"68, Grainger Crescent",Bamburgh,Mithian,"LT69 5WY",,1,Kendra.Segraves@hotmail.com,1,"2012-03-08 13:36:54",1,"2000-01-01 00:00:00",Contact,9520,NULL,NULL,2
9404,"51, Acres Street",Lewis,"Hinton St Mary","WQ40 1HM",,1,Edwina.Steevens@hotmail.com,1,"2012-03-08 13:36:54",1,"2000-01-01 00:00:00",Contact,9521,NULL,NULL,2
9405,"83, Kent Street",,Glendaruel,"ED45 6BF",,1,Jenna.Hampson@hotmail.com,1,"2012-03-08 13:36:54",1,"2000-01-01 00:00:00",Contact,9522,NULL,NULL,2
9406,"54, Neilson Crescent",,Glencoe,"RD45 8QJ",Cumbria,1,Gregory.Deal@hotmail.com,1,"2012-03-08 13:36:54",1,"2000-01-01 00:00:00",Contact,9523,NULL,NULL,2
9407,"37, Canham Crescent",,Glenshee,"OR20 6EI","County Fermanagh",1,Bertha.Bottomley@hotmail.com,1,"2012-03-08 13:36:54",1,"2000-01-01 00:00:00",Contact,9524,NULL,NULL,2
9408,"56, Abercrombie Avenue",,Cleator,"BK37 9PJ",Buckinghamshire,1,Chet.Barnhill@hotmail.com,1,"2012-03-08 13:36:54",1,"2000-01-01 00:00:00",Contact,9525,NULL,NULL,2
9409,"68, Chaucer Crescent",,Stottesdon,"AO76 5ZA",Cheshire,1,Ottilie.Howorth@hotmail.com,1,"2012-03-08 13:36:54",1,"2000-01-01 00:00:00",Contact,9526,NULL,NULL,2
9410,"70, Ravenshaw Lane",Bispham,Tranent,"SQ66 1QC","Isle of Wight",1,Stephen.Buxton@hotmail.com,1,"2012-03-08 13:36:54",1,"2000-01-01 00:00:00",Contact,9527,NULL,NULL,2
9411,"35, Brayshaw Road",,"South Harting","LC95 2QG",,1,Meredith.Clowes@hotmail.com,1,"2012-03-08 13:36:54",1,"2000-01-01 00:00:00",Contact,9528,NULL,NULL,2
9412,"37, Penney Court","Burry Port",Hassocks,"IO70 7EN",,1,Ken.Sikes@hotmail.com,1,"2012-03-08 13:36:54",1,"2000-01-01 00:00:00",Contact,9529,NULL,NULL,2
9413,"60, Ayrton Street",,Dumbarton,"MZ62 2UT",,1,Annabel.Edwardson@hotmail.com,1,"2012-03-08 13:36:54",1,"2000-01-01 00:00:00",Contact,9530,NULL,NULL,2
9414,"43, Ashe Lane",,Woodley,"TJ91 9EV","Mid Glamorgan",1,Tess.Paterson@hotmail.com,1,"2012-03-08 13:36:54",1,"2000-01-01 00:00:00",Contact,9531,NULL,NULL,2
9415,"102, Bickerton Crescent",,"Blair Atholl","VD56 8MX",Staffordshire,1,Ava.Josephson@hotmail.com,1,"2012-03-08 13:36:54",1,"2000-01-01 00:00:00",Contact,9532,NULL,NULL,2
9416,"87, Broughton Road",Cathcart,"Higham Ferrers","ZJ95 9YD",Somerset,1,Reynold.Worthington@hotmail.com,1,"2012-03-08 13:36:54",1,"2000-01-01 00:00:00",Contact,9533,NULL,NULL,2
9417,"41, Segraves Lane",,Morar,"EH20 7JL",,1,Doreen.Wilson@hotmail.com,1,"2012-03-08 13:36:54",1,"2000-01-01 00:00:00",Contact,9534,NULL,NULL,2
9418,"47, Peterson Street",Llangain,Edzell,"ZK77 7HV",,1,Joan.Mallory@hotmail.com,1,"2012-03-08 13:36:54",1,"2000-01-01 00:00:00",Contact,9535,NULL,NULL,2
9419,"87, Purcell Court","Golders Green",Bournheath,"LD30 6SF",Tayside,1,Nelson.Bowden@hotmail.com,1,"2012-03-08 13:36:54",1,"2000-01-01 00:00:00",Contact,9536,NULL,NULL,2
9420,"43, Leonard Avenue","Alum Bay",Caernarfon,"XU15 5FS",,1,Muriel.Segraves@hotmail.com,1,"2012-03-08 13:36:54",1,"2000-01-01 00:00:00",Contact,9537,NULL,NULL,2
9421,"77, Thomas Crescent",,Burnhope,"YB37 1NQ",,1,Earl.Toy@hotmail.com,1,"2012-03-08 13:36:54",1,"2000-01-01 00:00:00",Contact,9538,NULL,NULL,2
9422,"12, Cocks Crescent",,Wick,"ZO59 8UX",,1,Rowan.Cock@hotmail.com,1,"2012-03-08 13:36:54",1,"2000-01-01 00:00:00",Contact,9539,NULL,NULL,2
9423,"73, Wilson Lane",,Conisbrough,"AY42 2KL",Strathclyde,1,William.Raney@hotmail.com,1,"2012-03-08 13:36:54",1,"2000-01-01 00:00:00",Contact,9540,NULL,NULL,2
9424,"112, Jones Lane",Oulton,Shutford,"LX38 8KK",,1,Justine.Ruddy@hotmail.com,1,"2012-03-08 13:36:54",1,"2000-01-01 00:00:00",Contact,9541,NULL,NULL,2
9425,"79, Sprat Court",Halstead,Thurlow,"YQ18 3ZP",,1,Helen.Cardew@hotmail.com,1,"2012-03-08 13:36:54",1,"2000-01-01 00:00:00",Contact,9542,NULL,NULL,2
9426,"63, Whately Lane",,"Fen Ditton","OV97 9XK",,1,Edna.Burns@hotmail.com,1,"2012-03-08 13:36:54",1,"2000-01-01 00:00:00",Contact,9543,NULL,NULL,2
9427,"115, Alleine Crescent",,Mitcham,"PK81 1BO",Avon,1,Juniper.Blow@hotmail.com,1,"2012-03-08 13:36:54",1,"2000-01-01 00:00:00",Contact,9544,NULL,NULL,2
9428,"38, Olmsted Street",,Airth,"DJ91 7EE",Durham,1,Belinda.Chaney@hotmail.com,1,"2012-03-08 13:36:54",1,"2000-01-01 00:00:00",Contact,9545,NULL,NULL,2
9429,"20, Poulter Crescent",Pinchbeck,Normanton,"BU96 2IV",,1,Helen.Daley@hotmail.com,1,"2012-03-08 13:36:54",1,"2000-01-01 00:00:00",Contact,9546,NULL,NULL,2
9430,"104, Teagarden Street",Llanwern,"St Nicholas at Wade","VO37 2CQ",,1,Paige.Gilbert@hotmail.com,1,"2012-03-08 13:36:54",1,"2000-01-01 00:00:00",Contact,9547,NULL,NULL,2
9431,"103, Harriss Lane",,Wrightington,"FL11 6SC",,1,Pauline.Ayriss@hotmail.com,1,"2012-03-08 13:36:54",1,"2000-01-01 00:00:00",Contact,9548,NULL,NULL,2
9432,"34, Abbot Street",,Butley,"WZ84 8XM",Wiltshire,1,Pippa.Bennett@hotmail.com,1,"2012-03-08 13:36:54",1,"2000-01-01 00:00:00",Contact,9549,NULL,NULL,2
9433,"87, Colvile Avenue",Padiham,Churcham,"ZP84 6IZ",Nottinghamshire,1,Maximilian.Courtney@hotmail.com,1,"2012-03-08 13:36:54",1,"2000-01-01 00:00:00",Contact,9550,NULL,NULL,2
9434,"82, Scarisbrick Lane",,Bethersden,"QA88 2GC","West Yorkshire",1,Violet.Coffin@hotmail.com,1,"2012-03-08 13:36:54",1,"2000-01-01 00:00:00",Contact,9551,NULL,NULL,2
9435,"105, Wright Court",,"Farrington Gurney","BB19 2SW",,1,Kendra.Booth@hotmail.com,1,"2012-03-08 13:36:54",1,"2000-01-01 00:00:00",Contact,9552,NULL,NULL,2
9436,"109, Ash Crescent",Lymington,"Port Charlotte","BK35 5SA",Bedfordshire,1,Chet.Truitt@hotmail.com,1,"2012-03-08 13:36:54",1,"2000-01-01 00:00:00",Contact,9553,NULL,NULL,2
9437,"110, Hawkins Street",,Fenwick,"QI69 5HS",,1,Kerr.Jackson@hotmail.com,1,"2012-03-08 13:36:54",1,"2000-01-01 00:00:00",Contact,9554,NULL,NULL,2
9438,"50, Dalton Road",Ardington,Ingatestone,"XW77 6FO",,1,Myles.Croom@hotmail.com,1,"2012-03-08 13:36:54",1,"2000-01-01 00:00:00",Contact,9555,NULL,NULL,2
9439,"27, Coffin Road",Sandtoft,Longham,"TX15 8NG",,1,Rachel.Deal@hotmail.com,1,"2012-03-08 13:36:54",1,"2000-01-01 00:00:00",Contact,9556,NULL,NULL,2
9440,"118, Sexton Court",,Cloughmills,"HK48 5LR","Highlands and Islands",1,Braden.Gibson@hotmail.com,1,"2012-03-08 13:36:54",1,"2000-01-01 00:00:00",Contact,9557,NULL,NULL,2
9441,"26, Reynolds Court",,Brora,"JA46 8FF",,1,Deborah.Reed@hotmail.com,1,"2012-03-08 13:36:54",1,"2000-01-01 00:00:00",Contact,9558,NULL,NULL,2
9442,"57, Chinn Avenue",,Lisbellaw,"GN97 8QB",Lancashire,1,Betty.Bateson@hotmail.com,1,"2012-03-08 13:36:54",1,"2000-01-01 00:00:00",Contact,9559,NULL,NULL,2
9443,"33, Nelson Lane",Moulton,Llansamlet,"PH37 6FZ",Grampian,1,Hazel.Curtis@hotmail.com,1,"2012-03-08 13:36:54",1,"2000-01-01 00:00:00",Contact,9560,NULL,NULL,2
9444,"3, Granger Crescent",Crundale,Glangarnock,"VD54 3HP",,1,Iris.Westerman@hotmail.com,1,"2012-03-08 13:36:54",1,"2000-01-01 00:00:00",Contact,9561,NULL,NULL,2
9445,"111, Cheek Avenue",,Knapdale,"ZT82 9RP",Oxfordshire,1,Alexander.Close@hotmail.com,1,"2012-03-08 13:36:54",1,"2000-01-01 00:00:00",Contact,9562,NULL,NULL,2
9446,"34, Hughes Lane",Nantyglo,Cruden,"XE81 7JH",Warwickshire,1,Alexandra.Calbraith@hotmail.com,1,"2012-03-08 13:36:54",1,"2000-01-01 00:00:00",Contact,9563,NULL,NULL,2
9447,"39, Aghion Crescent",Wyke,Llandysul,"MH71 9TD",Suffolk,1,Gladys.Rhett@hotmail.com,1,"2012-03-08 13:36:54",1,"2000-01-01 00:00:00",Contact,9564,NULL,NULL,2
9448,"23, Alden Road",Prestatyn,Cricklade,"PP87 8YP",Lincolnshire,1,Kerr.Foakes@hotmail.com,1,"2012-03-08 13:36:54",1,"2000-01-01 00:00:00",Contact,9565,NULL,NULL,2
9449,"55, Branum Street",Powfoot,"Mersea Island","NL88 8TO",Staffordshire,1,Jessie.Whistler@hotmail.com,1,"2012-03-08 13:36:54",1,"2000-01-01 00:00:00",Contact,9566,NULL,NULL,2
9450,"21, Hoby Crescent","Combe Hay",Amberley,"TG57 1UY",Bedfordshire,1,Anna.Golding@hotmail.com,1,"2012-03-08 13:36:54",1,"2000-01-01 00:00:00",Contact,9567,NULL,NULL,2
9451,"94, Youmans Street",Westhill,Portrush,"QA19 4IH","Greater Manchester",1,Theodora.Wragg@hotmail.com,1,"2012-03-08 13:36:54",1,"2000-01-01 00:00:00",Contact,9568,NULL,NULL,2
9452,"79, Carlisle Crescent",,Wincham,"OA73 8JO",Lothian,1,Maude.Wells@hotmail.com,1,"2012-03-08 13:36:54",1,"2000-01-01 00:00:00",Contact,9569,NULL,NULL,2
9453,"41, Albertson Road",Hathern,Bloomsbury,"ZZ43 3QH",Lothian,1,Jessica.Daley@hotmail.com,1,"2012-03-08 13:36:54",1,"2000-01-01 00:00:00",Contact,9570,NULL,NULL,2
9454,"2, Brent Court",Spaxton,"Christian Malford","NI30 9IO",,1,Gladys.Jones@hotmail.com,1,"2012-03-08 13:36:54",1,"2000-01-01 00:00:00",Contact,9571,NULL,NULL,2
9455,"116, Miles Road",,Heydon,"LY35 8FR",,1,Deborah.Twynam@hotmail.com,1,"2012-03-08 13:36:54",1,"2000-01-01 00:00:00",Contact,9572,NULL,NULL,2
9456,"97, Armstead Street",Styal,Erskine,"PM57 9XI","County Armagh",1,Jocelyn.Butler@hotmail.com,1,"2012-03-08 13:36:54",1,"2000-01-01 00:00:00",Contact,9573,NULL,NULL,2
9457,"90, Bryant Street",,"Wendens Ambo","PP17 6KQ",Powys,1,Ryan.Bowra@hotmail.com,1,"2012-03-08 13:36:54",1,"2000-01-01 00:00:00",Contact,9574,NULL,NULL,2
9458,"96, Brock Road",,"Whitacre Heath","IE81 3WO",,1,Hannah.Cottrell@hotmail.com,1,"2012-03-08 13:36:54",1,"2000-01-01 00:00:00",Contact,9575,NULL,NULL,2
9459,"29, Broome Crescent",,Ingbirchworth,"VF72 5KB",Grampian,1,Bridget.Galton@hotmail.com,1,"2012-03-08 13:36:54",1,"2000-01-01 00:00:00",Contact,9576,NULL,NULL,2
9460,"113, Bellos Road",,Kingscote,"XP69 5ME",Worcestershire,1,Whitney.Bagnold@hotmail.com,1,"2012-03-08 13:36:54",1,"2000-01-01 00:00:00",Contact,9577,NULL,NULL,2
9461,"64, Cowper Street",,Bubbenhall,"AZ84 7FE",,1,Sue.Norman@hotmail.com,1,"2012-03-08 13:36:54",1,"2000-01-01 00:00:00",Contact,9578,NULL,NULL,2
9462,"87, Best Street",,Hertingfordbury,"AH87 2GM",,1,Sidney.Ayriss@hotmail.com,1,"2012-03-08 13:36:54",1,"2000-01-01 00:00:00",Contact,9579,NULL,NULL,2
9463,"61, Hepburn Court",Ruislip,Powmill,"RB80 3IU","Greater Manchester",1,Gerard.Golding@hotmail.com,1,"2012-03-08 13:36:54",1,"2000-01-01 00:00:00",Contact,9580,NULL,NULL,2
9464,"43, Davison Street",,Millbrook,"LG72 2QB",,1,Susan.Illidge@hotmail.com,1,"2012-03-08 13:36:54",1,"2000-01-01 00:00:00",Contact,9581,NULL,NULL,2
9465,"77, Branum Road",,Flatford,"VV92 3RI",Lincolnshire,1,Madeline.Brooks@hotmail.com,1,"2012-03-08 13:36:54",1,"2000-01-01 00:00:00",Contact,9582,NULL,NULL,2
9466,"71, Deal Street",,Abbotsley,"LW74 6WR",,1,Teresa.Buckmaster@hotmail.com,1,"2012-03-08 13:36:54",1,"2000-01-01 00:00:00",Contact,9583,NULL,NULL,2
9467,"31, Blackwood Court",,Leatherhead,"ZE93 5YN",,1,Teresa.Scarisbrick@hotmail.com,1,"2012-03-08 13:36:54",1,"2000-01-01 00:00:00",Contact,9584,NULL,NULL,2
9468,"109, Hogge Court",,Upwell,"NE38 7TR",,1,Pearl.Brock@hotmail.com,1,"2012-03-08 13:36:54",1,"2000-01-01 00:00:00",Contact,9585,NULL,NULL,2
9469,"6, Hemingway Avenue",Torteual,Bruton,"QO82 7RH",,1,Vicary.Compton@hotmail.com,1,"2012-03-08 13:36:54",1,"2000-01-01 00:00:00",Contact,9586,NULL,NULL,2
9470,"5, Skirrow Road",Trecastle,Lupton,"CZ30 3YS","County Down",1,Patricia.Scarisbrick@hotmail.com,1,"2012-03-08 13:36:54",1,"2000-01-01 00:00:00",Contact,9587,NULL,NULL,2
9471,"56, Ward Crescent","Clay Cross",Blisland,"LN15 2DI",Lancashire,1,Nicholas.Giles@hotmail.com,1,"2012-03-08 13:36:54",1,"2000-01-01 00:00:00",Contact,9588,NULL,NULL,2
9472,"76, Cottrell Avenue",Sheepwash,Tregrehan,"IO85 1BG",,1,Sybil.Johanson@hotmail.com,1,"2012-03-08 13:36:54",1,"2000-01-01 00:00:00",Contact,9589,NULL,NULL,2
9473,"31, Scroggs Lane",,Walmer,"FT77 1SR",Gwent,1,Michelle.Coleridge@hotmail.com,1,"2012-03-08 13:36:54",1,"2000-01-01 00:00:00",Contact,9590,NULL,NULL,2
9474,"90, De Morgan Avenue","Trimley St Martin",Warrenpoint,"OL81 9UK",,1,Jonathan.Truitt@hotmail.com,1,"2012-03-08 13:36:54",1,"2000-01-01 00:00:00",Contact,9591,NULL,NULL,2
9475,"5, Willett Lane",,Newland,"CX14 3FP",,1,Liza.Brickman@hotmail.com,1,"2012-03-08 13:36:54",1,"2000-01-01 00:00:00",Contact,9592,NULL,NULL,2
9476,"101, Coleridge Lane",,"East Morden","AB64 5SZ",,1,Gabriel.Haley@hotmail.com,1,"2012-03-08 13:36:54",1,"2000-01-01 00:00:00",Contact,9593,NULL,NULL,2
9477,"51, Smollett Lane",,"Woodham Walter","RE30 9BC",Rutland,1,Patrick.Alcock@hotmail.com,1,"2012-03-08 13:36:54",1,"2000-01-01 00:00:00",Contact,9594,NULL,NULL,2
9478,"52, Pleydell-Bouverie Road",Bath,Ballachulish,"XU58 7VU","East Sussex",1,Moira.Coles@hotmail.com,1,"2012-03-08 13:36:54",1,"2000-01-01 00:00:00",Contact,9595,NULL,NULL,2
9479,"76, Jerald Street",,Tomintoul,"LS21 4RG",,1,Morgan.Cliff@hotmail.com,1,"2012-03-08 13:36:54",1,"2000-01-01 00:00:00",Contact,9596,NULL,NULL,2
9480,"9, Bowlby Lane",Lisbellaw,"Bridge Of Earn","IC70 6XZ",,1,Vanessa.Clarkson@hotmail.com,1,"2012-03-08 13:36:54",1,"2000-01-01 00:00:00",Contact,9597,NULL,NULL,2
9481,"105, Carpenter Crescent",,"Ivy Hatch","RL31 2EW",,1,Jennifer.Booth@hotmail.com,1,"2012-03-08 13:36:54",1,"2000-01-01 00:00:00",Contact,9598,NULL,NULL,2
9482,"52, Templer Lane",,"Ellesmere Port","IJ94 2QR",,1,Kimball.Arnold@hotmail.com,1,"2012-03-08 13:36:54",1,"2000-01-01 00:00:00",Contact,9599,NULL,NULL,2
9483,"55, Worsley Street",,Burren,"OI80 3FM",,1,Hayley.Whately@hotmail.com,1,"2012-03-08 13:36:54",1,"2000-01-01 00:00:00",Contact,9600,NULL,NULL,2
9484,"48, Scrope Avenue",,Hinckley,"AZ94 3LA",,1,Mallory.Daley@hotmail.com,1,"2012-03-08 13:36:54",1,"2000-01-01 00:00:00",Contact,9601,NULL,NULL,2
9485,"36, Aarons Court",,Cawood,"TL39 6FP","County Tyrone",1,Samantha.Chaucer@hotmail.com,1,"2012-03-08 13:36:54",1,"2000-01-01 00:00:00",Contact,9602,NULL,NULL,2
9486,"80, Fettiplace Court",,Horndean,"MT92 9BM",Borders,1,Lucinda.Maye@hotmail.com,1,"2012-03-08 13:36:54",1,"2000-01-01 00:00:00",Contact,9603,NULL,NULL,2
9487,"26, Stephenson Lane",Ewell,Trimsaran,"ZI11 6RO",Devon,1,Maddox.Ainscough@hotmail.com,1,"2012-03-08 13:36:54",1,"2000-01-01 00:00:00",Contact,9604,NULL,NULL,2
9488,"5, Smallcombe Road","East Coker","Woodford Green","JT27 2HG",Bedfordshire,1,Autumn.Robison@hotmail.com,1,"2012-03-08 13:36:54",1,"2000-01-01 00:00:00",Contact,9605,NULL,NULL,2
9489,"3, Norton Crescent",Owermoigne,Catterick,"IT36 2AF",,1,Philip.Dawkins@hotmail.com,1,"2012-03-08 13:36:54",1,"2000-01-01 00:00:00",Contact,9606,NULL,NULL,2
9490,"87, Davidson Court",,Easington,"US20 4WO",,1,Ava.Peterson@hotmail.com,1,"2012-03-08 13:36:54",1,"2000-01-01 00:00:00",Contact,9607,NULL,NULL,2
9491,"91, Parker Avenue",Parton,Otterton,"RB95 2OF","West Glamorgan",1,Ruth.Elderton@hotmail.com,1,"2012-03-08 13:36:54",1,"2000-01-01 00:00:00",Contact,9608,NULL,NULL,2
9492,"74, Tubb Crescent",Billingshurst,"Emersons Green","RP96 6UL",,1,Hannah.Dimbleby@hotmail.com,1,"2012-03-08 13:36:54",1,"2000-01-01 00:00:00",Contact,9609,NULL,NULL,2
9493,"50, Cocke Crescent",,"Harpur Hill","GT90 5YD",Cornwall,1,David.Windus@hotmail.com,1,"2012-03-08 13:36:54",1,"2000-01-01 00:00:00",Contact,9610,NULL,NULL,2
9494,"91, Colvin Crescent",,"Water End","SW43 2BC",,1,Jenna.Blow@hotmail.com,1,"2012-03-08 13:36:54",1,"2000-01-01 00:00:00",Contact,9611,NULL,NULL,2
9495,"97, Watkins Road",,Wardlow,"FW18 4RQ",,1,Sandra.Myers@hotmail.com,1,"2012-03-08 13:36:54",1,"2000-01-01 00:00:00",Contact,9612,NULL,NULL,2
9496,"36, Giles Court",Ringstead,Ashorne,"KN71 1SI",Suffolk,1,Muriel.Cross@hotmail.com,1,"2012-03-08 13:36:54",1,"2000-01-01 00:00:00",Contact,9613,NULL,NULL,2
9497,"31, Mead Lane",,Barnet,"KT27 3KZ",,1,Howard.Scantlebury@hotmail.com,1,"2012-03-08 13:36:54",1,"2000-01-01 00:00:00",Contact,9614,NULL,NULL,2
9498,"15, Baynes Avenue",,Lorton,"IE93 8BA",,1,Cadence.Talbott@hotmail.com,1,"2012-03-08 13:36:54",1,"2000-01-01 00:00:00",Contact,9615,NULL,NULL,2
9499,"55, Colville Lane",,Pitlochry,"JA90 9VM",,1,Mort.Chorley@hotmail.com,1,"2012-03-08 13:36:54",1,"2000-01-01 00:00:00",Contact,9616,NULL,NULL,2
9501,"112, Blakey Lane","Apartments all over Lond",Wickford,"JQ77 6PV",Kent,1,Brenda.Bean@hotmail.com,1,"2012-03-08 13:36:54",1,"2000-01-01 00:00:00",Contact,9618,NULL,NULL,2
9502,"18, Alder Road",Turton,Upton,"WZ21 8OB",,1,Darby.Ackerman@hotmail.com,1,"2012-03-08 13:36:54",1,"2000-01-01 00:00:00",Contact,9619,NULL,NULL,2
9503,"57, Wragg Court","South Kyme","Primrose Hill","ZX46 2PA",Cambridgeshire,1,Eleanor.Appleby@hotmail.com,1,"2012-03-08 13:36:54",1,"2000-01-01 00:00:00",Contact,9620,NULL,NULL,2
9504,"58, Compton Avenue",Chadderton,Hexton,"XE95 6OX",Cheshire,1,Kristen.Broome@hotmail.com,1,"2012-03-08 13:36:54",1,"2000-01-01 00:00:00",Contact,9621,NULL,NULL,2
9505,"83, Brackett Court",Pendlebury,Havant,"MQ31 4UY","Dumfries and Galloway",1,Abigail.Haley@hotmail.com,1,"2012-03-08 13:36:54",1,"2000-01-01 00:00:00",Contact,9622,NULL,NULL,2
9506,"52, Derrick Court",Lisconnor,"Coombe Dingle","HZ22 6DM",,1,Julia.Stephen@hotmail.com,1,"2012-03-08 13:36:54",1,"2000-01-01 00:00:00",Contact,9623,NULL,NULL,2
9507,"110, Maye Avenue",Denbigh,Liss,"XY59 9AL",,1,Edmund.Croasdale@hotmail.com,1,"2012-03-08 13:36:54",1,"2000-01-01 00:00:00",Contact,9624,NULL,NULL,2
9508,"81, Lummis Crescent",Horley,Holbeach,"MG11 1HF","County Londonderry",1,Jake.Burgess@hotmail.com,1,"2012-03-08 13:36:54",1,"2000-01-01 00:00:00",Contact,9625,NULL,NULL,2
9509,"34, Haring Avenue",,"Birmingham Airport","XB52 5PP",,1,Victor.Baynes@hotmail.com,1,"2012-03-08 13:36:54",1,"2000-01-01 00:00:00",Contact,9626,NULL,NULL,2
9510,"91, Mallory Court",Rishton,Newry,"IU85 5EY",Central,1,Bret.Hansom@hotmail.com,1,"2012-03-08 13:36:54",1,"2000-01-01 00:00:00",Contact,9627,NULL,NULL,2
9511,"75, Alsop Court",,Carterton,"YR71 2WQ","County Fermanagh",1,Tristan.Brodhead@hotmail.com,1,"2012-03-08 13:36:54",1,"2000-01-01 00:00:00",Contact,9628,NULL,NULL,2
9512,"85, Stockdale Road",Warsash,Strood,"XB92 3HY",,1,Philippa.Bland@hotmail.com,1,"2012-03-08 13:36:54",1,"2000-01-01 00:00:00",Contact,9629,NULL,NULL,2
9513,"59, Browning Crescent",Kingswood,Spetisbury,"UC75 4YR",Tayside,1,Jane.Deal@hotmail.com,1,"2012-03-08 13:36:55",1,"2000-01-01 00:00:00",Contact,9630,NULL,NULL,2
9514,"70, Skivington Court",,"Clacton on Sea","RR48 8PY",,1,Siobh√°n.Crosland@hotmail.com,1,"2012-08-23 13:33:19",1,"2000-01-01 00:00:00",Contact,9631,NULL,NULL,2
9515,"54, Teagarden Lane",,"Burghfield Common","OC87 5VK",Cambridgeshire,1,Alexander.Sartorius@hotmail.com,1,"2012-03-08 13:36:55",1,"2000-01-01 00:00:00",Contact,9632,NULL,NULL,2
9516,"12, Croom Lane",Huntingdon,Stansted,"AQ64 8TX",Bedfordshire,1,Christopher.Wheatley@hotmail.com,1,"2012-03-08 13:36:55",1,"2000-01-01 00:00:00",Contact,9633,NULL,NULL,2
9517,"37, Baddeley Court",Unstone,"St Mary Cray","WX64 7UJ",,1,Harrison.Culliford@hotmail.com,1,"2012-03-08 13:36:55",1,"2000-01-01 00:00:00",Contact,9634,NULL,NULL,2
9518,"33, Tibbetts Crescent","Maida Vale","Great Kingshill","BS17 5HD",Clwyd,1,Maud.Ainscough@hotmail.com,1,"2012-03-08 13:36:55",1,"2000-01-01 00:00:00",Contact,9635,NULL,NULL,2
9519,"15, Day-Lewis Crescent",,"Wickham Market","RY35 3DO",Cambridgeshire,1,Basil.Ashcroft@hotmail.com,1,"2012-03-08 13:36:55",1,"2000-01-01 00:00:00",Contact,9636,NULL,NULL,2
9520,"73, Drewe Street",,"Brightwell Baldwin","CN79 8GQ",,1,Alexandra.Charles@hotmail.com,1,"2012-03-08 13:36:55",1,"2000-01-01 00:00:00",Contact,9637,NULL,NULL,2
9521,"53, Shayne Lane",,Cadoxton,"CZ43 9RQ","North Yorkshire",1,Gregory.Mosley@hotmail.com,1,"2012-03-08 13:36:55",1,"2000-01-01 00:00:00",Contact,9638,NULL,NULL,2
9522,"17, Peterson Lane",Hoxton,"St Hilary","ZY93 1FV","County Antrim",1,David.Harriss@hotmail.com,1,"2012-03-08 13:36:55",1,"2000-01-01 00:00:00",Contact,9639,NULL,NULL,2
9523,"8, Croom Road",,Litlington,"OH44 9II",Cambridgeshire,1,Nicolas.Aaronson@hotmail.com,1,"2012-03-08 13:36:55",1,"2000-01-01 00:00:00",Contact,9640,NULL,NULL,2
9524,"22, Blenkinsop Street",,Castlegregory,"BS53 4GO",Somerset,1,Cristalyn.Bent@hotmail.com,1,"2012-03-08 13:36:55",1,"2000-01-01 00:00:00",Contact,9641,NULL,NULL,2
9525,"86, Bayley Crescent",,Swadlincote,"JH56 3UN",,1,Kristen.Neilson@hotmail.com,1,"2012-03-08 13:36:55",1,"2000-01-01 00:00:00",Contact,9642,NULL,NULL,2
9526,"9, Cope Court",Westhoughton,Belcoo,"FI91 8SI",,1,Betty.Segraves@hotmail.com,1,"2012-03-08 13:36:55",1,"2000-01-01 00:00:00",Contact,9643,NULL,NULL,2
9527,"78, Arkwright Road",Wells-next-the-Sea,Cambuslang,"GD74 5IS",,1,Kate.Westerman@hotmail.com,1,"2012-03-08 13:36:55",1,"2000-01-01 00:00:00",Contact,9644,NULL,NULL,2
9528,"7, Flack Street",,"Cruden Bay","LS64 5NN",Humberside,1,Ashton.Harman@hotmail.com,1,"2012-03-08 13:36:55",1,"2000-01-01 00:00:00",Contact,9645,NULL,NULL,2
9529,"57, Crofts Avenue","Hare Hatch","Sutton Bonington","FT33 6ZU",,1,Lindsay.Denman@hotmail.com,1,"2012-03-08 13:36:55",1,"2000-01-01 00:00:00",Contact,9646,NULL,NULL,2
9530,"26, Thomas Crescent",,Fordham,"BT70 5AO",,1,Betty.Church@hotmail.com,1,"2012-03-08 13:36:55",1,"2000-01-01 00:00:00",Contact,9647,NULL,NULL,2
9531,"46, Bellamy Street",Aboyne,"Tenbury Wells","UM65 8XS","Greater Manchester",1,Joyce.Aird@hotmail.com,1,"2012-03-08 13:36:55",1,"2000-01-01 00:00:00",Contact,9648,NULL,NULL,2
9532,"106, Shelton Road",,Berkeley,"NS86 5NQ",,1,Victoria.Penney@hotmail.com,1,"2012-03-08 13:36:55",1,"2000-01-01 00:00:00",Contact,9649,NULL,NULL,2
9533,"117, Bryant Crescent",Droitwich,Benson,"CI37 6JY",Nottinghamshire,1,Florence.Denham@hotmail.com,1,"2012-03-08 13:36:55",1,"2000-01-01 00:00:00",Contact,9650,NULL,NULL,2
9534,"65, Brodhead Avenue",,Tralee,"XI47 8DE",Lothian,1,Sue.Crofts@hotmail.com,1,"2012-03-08 13:36:55",1,"2000-01-01 00:00:00",Contact,9651,NULL,NULL,2
9535,"77, Bramwell Street",Eaglescliffe,Penzance,"DC89 3UK","County Down",1,Nicole.Collins@hotmail.com,1,"2012-03-08 13:36:55",1,"2000-01-01 00:00:00",Contact,9652,NULL,NULL,2
9536,"81, Ainsworth Crescent",Enville,"Little Snoring","GS41 4EL",,1,Kenneth.Coffin@hotmail.com,1,"2012-03-08 13:36:55",1,"2000-01-01 00:00:00",Contact,9653,NULL,NULL,2
9537,"95, Barnhill Avenue",,Wrecclesham,"RQ20 6JR",,1,Reynold.Fettiplace@hotmail.com,1,"2012-03-08 13:36:55",1,"2000-01-01 00:00:00",Contact,9654,NULL,NULL,2
9538,"64, Norton Court",,Dalston,"FT24 8DH",Lothian,1,Lucy.Whately@hotmail.com,1,"2012-03-08 13:36:55",1,"2000-01-01 00:00:00",Contact,9655,NULL,NULL,2
9539,"37, Arkwright Crescent","Kirk Michael","Trafalgar Square","UI21 8LO",,1,Leonora.Chinn@hotmail.com,1,"2012-03-08 13:36:55",1,"2000-01-01 00:00:00",Contact,9656,NULL,NULL,2
9540,"108, Meyers Road",,Portpatrick,"ZP59 6YA",Herefordshire,1,Melville.Breckenridge@hotmail.com,1,"2012-03-08 13:36:55",1,"2000-01-01 00:00:00",Contact,9657,NULL,NULL,2
9541,"41, Hardy Court",,Maidencombe,"TI17 6GM",Lancashire,1,Rose.Brandon@hotmail.com,1,"2012-03-08 13:36:55",1,"2000-01-01 00:00:00",Contact,9658,NULL,NULL,2
9542,"38, Josephson Street",,Bonnybridge,"JG60 3WZ",Gloucestershire,1,Amy.Sprot@hotmail.com,1,"2012-03-08 13:36:55",1,"2000-01-01 00:00:00",Contact,9659,NULL,NULL,2
9543,"98, Daniel Avenue",,"Little Hampden","OQ51 5UG",Nottinghamshire,1,Matilda.Bridgman@hotmail.com,1,"2012-03-08 13:36:55",1,"2000-01-01 00:00:00",Contact,9660,NULL,NULL,2
9544,"5, Butler Road",Pidley,Swalcliffe,"IV30 1UW",,1,Meredith.Chiles@hotmail.com,1,"2012-03-08 13:36:55",1,"2000-01-01 00:00:00",Contact,9661,NULL,NULL,2
9545,"55, Morris Court",Bowness-on-Windermere,Dumbarton,"UP82 3OB",,1,Andy.Shriver@hotmail.com,1,"2012-03-08 13:36:55",1,"2000-01-01 00:00:00",Contact,9662,NULL,NULL,2
9546,"25, Laycock Avenue",,"Ladram Bay","ZZ19 2LS",Surrey,1,Arthur.Gilbertson@hotmail.com,1,"2012-03-08 13:36:55",1,"2000-01-01 00:00:00",Contact,9663,NULL,NULL,2
9547,"59, Blake Street","Bishops Stortford",Newborough,"JR75 1CB",Powys,1,Percy.Whately@hotmail.com,1,"2012-03-08 13:36:55",1,"2000-01-01 00:00:00",Contact,9664,NULL,NULL,2
9548,"78, Lawrence Road",,Brynford,"NI75 4VR",,1,Matilda.Penney@hotmail.com,1,"2012-03-08 13:36:55",1,"2000-01-01 00:00:00",Contact,9665,NULL,NULL,2
9549,"60, Colvile Road",Stonehaven,Crantock,"UP73 9LM",,1,Patricia.Woolgar@hotmail.com,1,"2012-03-08 13:36:55",1,"2000-01-01 00:00:00",Contact,9666,NULL,NULL,2
9550,"41, Harriss Street",,Farthingstone,"FW36 3EQ",Essex,1,Jake.Norton@hotmail.com,1,"2012-03-08 13:36:55",1,"2000-01-01 00:00:00",Contact,9667,NULL,NULL,2
9551,"73, Parker Road",,Farnham,"NC60 5LD",Merseyside,1,Charlotte.Chapman@hotmail.com,1,"2012-03-08 13:36:55",1,"2000-01-01 00:00:00",Contact,9668,NULL,NULL,2
9552,"40, Colville Court",,Highfield,"IU98 1KC","West Midlands",1,Ruth.Smollett@hotmail.com,1,"2012-03-08 13:36:55",1,"2000-01-01 00:00:00",Contact,9669,NULL,NULL,2
9553,"60, Shelton Court",,"West Kensington","JH48 4TV",,1,Charlotte.Langtry@hotmail.com,1,"2012-03-08 13:36:55",1,"2000-01-01 00:00:00",Contact,9670,NULL,NULL,2
9554,"60, Aghion Street",Sunbury-on-Thames,Mellor,"VY60 2KR",,1,Josephine.Abbot@hotmail.com,1,"2012-03-08 13:36:55",1,"2000-01-01 00:00:00",Contact,9671,NULL,NULL,2
9555,"76, Chaplin Street",Wadeford,Countywide,"FY47 5AG",Essex,1,Alison.Butt@hotmail.com,1,"2012-03-08 13:36:55",1,"2000-01-01 00:00:00",Contact,9672,NULL,NULL,2
9556,"41, Roane Lane",,"Gerrards Cross","HB27 7AQ",Fife,1,Simon.Willman@hotmail.com,1,"2012-03-08 13:36:55",1,"2000-01-01 00:00:00",Contact,9673,NULL,NULL,2
9557,"4, Wilkinson Lane","Bere Regis",Newport,"QI36 5ZL",Strathclyde,1,Meredith.Beardsley@hotmail.com,1,"2012-03-08 13:36:55",1,"2000-01-01 00:00:00",Contact,9674,NULL,NULL,2
9558,"2, Norman Street",,Cawood,"RK37 6DQ",Lincolnshire,1,Barnes.Maugham@hotmail.com,1,"2012-03-08 13:36:55",1,"2000-01-01 00:00:00",Contact,9675,NULL,NULL,2
9559,"21, Golding Court",Kingswood,Wishaw,"ZU91 5HT",,1,Brett.Stephenson@hotmail.com,1,"2012-03-08 13:36:55",1,"2000-01-01 00:00:00",Contact,9676,NULL,NULL,2
9560,"67, Hawking Lane",,Rackenford,"IP56 4MY",Strathclyde,1,Carolyn.Philipson@hotmail.com,1,"2012-03-08 13:36:55",1,"2000-01-01 00:00:00",Contact,9677,NULL,NULL,2
9561,"68, Penington Avenue","Monks Eleigh","Newcastle Airport","IM12 3GY",Surrey,1,Bret.Birchall@hotmail.com,1,"2012-03-08 13:36:55",1,"2000-01-01 00:00:00",Contact,9678,NULL,NULL,2
9562,"11, Nordell Crescent",,Shedfield,"HK72 6UB",Norfolk,1,Barry.Olmsted@hotmail.com,1,"2012-03-08 13:36:55",1,"2000-01-01 00:00:00",Contact,9679,NULL,NULL,2
9563,"73, Bedingfield Road",,Gourock,"JX76 7UC",,1,Katherine.Paddick@hotmail.com,1,"2012-03-08 13:36:55",1,"2000-01-01 00:00:00",Contact,9680,NULL,NULL,2
9564,"71, Bryant Lane","South Ockendon","South Molton","FQ69 3HI",,1,Theodora.Myerscough@hotmail.com,1,"2012-03-08 13:36:55",1,"2000-01-01 00:00:00",Contact,9681,NULL,NULL,2
9565,"34, Harman Road",Oxenholme,"Deeping St James","GK94 9FN",Hampshire,1,Philippa.Benjamin@hotmail.com,1,"2012-03-08 13:36:55",1,"2000-01-01 00:00:00",Contact,9682,NULL,NULL,2
9566,"82, Borrow Court",,Newnham,"ZL20 2GP",Durham,1,Meredith.Baynes@hotmail.com,1,"2012-03-08 13:36:55",1,"2000-01-01 00:00:00",Contact,9683,NULL,NULL,2
9567,"25, Fellows Court",Wenvoe,"Mortimers Cross","HF72 6BM",,1,Tabitha.Stumbles@hotmail.com,1,"2012-03-08 13:36:55",1,"2000-01-01 00:00:00",Contact,9684,NULL,NULL,2
9568,"26, Roane Lane",,Petham,"ZL33 1LN",Borders,1,Adie.Beckham@hotmail.com,1,"2012-03-08 13:36:55",1,"2000-01-01 00:00:00",Contact,9685,NULL,NULL,2
9569,"109, Brandon Street","Cheetham Hill",Brampton,"RX66 5HM",,1,Demi.Meyers@hotmail.com,1,"2012-03-08 13:36:55",1,"2000-01-01 00:00:00",Contact,9686,NULL,NULL,2
9570,"101, Bramwell Lane",Worsthorne,"West Tytherley","HI19 5KM",Cambridgeshire,1,Jennifer.Payne@hotmail.com,1,"2012-03-08 13:36:55",1,"2000-01-01 00:00:00",Contact,9687,NULL,NULL,2
9571,"62, Croft Lane",,Stogumber,"UL63 8RZ",Somerset,1,Nathanael.Charlesworth@hotmail.com,1,"2012-03-08 13:36:55",1,"2000-01-01 00:00:00",Contact,9688,NULL,NULL,2
9572,"109, Peace Street",Blagdon,Willesden,"BP87 2CN",,1,Bridget.Payne@hotmail.com,1,"2012-03-08 13:36:55",1,"2000-01-01 00:00:00",Contact,9689,NULL,NULL,2
9573,"53, Appleby Crescent",,"Brighouse Bay","FA39 4WZ",Cheshire,1,Pauline.Conant@hotmail.com,1,"2012-03-08 13:36:55",1,"2000-01-01 00:00:00",Contact,9690,NULL,NULL,2
9574,"70, Leventhal Avenue",Whitworth,Wirral,"JV54 3NK","Gwynedd County",1,Gerard.Birkin@hotmail.com,1,"2012-03-08 13:36:55",1,"2000-01-01 00:00:00",Contact,9691,NULL,NULL,2
9575,"28, Campion Crescent",,Riverstown,"GH97 5IY",Dorset,1,Pearl.Coleman@hotmail.com,1,"2012-03-08 13:36:55",1,"2000-01-01 00:00:00",Contact,9692,NULL,NULL,2
9576,"61, Day-Lewis Avenue",Skelmersdale,Aldbury,"RG28 7TZ",Norfolk,1,Chance.Willson@hotmail.com,1,"2012-03-08 13:36:55",1,"2000-01-01 00:00:00",Contact,9693,NULL,NULL,2
9577,"26, Alder Lane",Thorney,Llancadle,"EB29 1ER",,1,Barnes.Sykes@hotmail.com,1,"2012-03-08 13:36:55",1,"2000-01-01 00:00:00",Contact,9694,NULL,NULL,2
9578,"32, Ainsworth Street",Wellow,Heather,"AO19 5RB","County Antrim",1,Bethany.Canham@hotmail.com,1,"2012-03-08 13:36:55",1,"2000-01-01 00:00:00",Contact,9695,NULL,NULL,2
9579,"72, Blatchford Avenue",Ballyconnell,Beith,"BP49 7OC",Clwyd,1,Tabitha.Aghion@hotmail.com,1,"2012-03-08 13:36:55",1,"2000-01-01 00:00:00",Contact,9696,NULL,NULL,2
9580,"99, Rudman Street",Upwey,Countywide,"JX46 2KN",,1,Amber.Benson@hotmail.com,1,"2012-03-08 13:36:55",1,"2000-01-01 00:00:00",Contact,9697,NULL,NULL,2
9581,"47, Culliford Avenue",Huntingdon,Clayton,"YT85 6QT",Avon,1,Barbara.Alcock@hotmail.com,1,"2012-03-08 13:36:55",1,"2000-01-01 00:00:00",Contact,9698,NULL,NULL,2
9582,"26, Ainscough Avenue",,Heddon-on-the-Wall,"VF29 8MI",,1,Kirsten.Carrington@hotmail.com,1,"2012-03-08 13:36:55",1,"2000-01-01 00:00:00",Contact,9699,NULL,NULL,2
9583,"11, Meyers Lane",,Cutthorpe,"SD53 1YT","South Glamorgan",1,Abigail.Haven@hotmail.com,1,"2012-03-08 13:36:55",1,"2000-01-01 00:00:00",Contact,9700,NULL,NULL,2
9584,"99, Alington Street",,"Merthyr Tydfil","TH61 5AM",,1,Brenda.Swash@hotmail.com,1,"2012-03-08 13:36:55",1,"2000-01-01 00:00:00",Contact,9701,NULL,NULL,2
9585,"98, Wilson Avenue",,Ivinghoe,"LP59 8XM",Gloucestershire,1,Simon.May@hotmail.com,1,"2012-03-08 13:36:55",1,"2000-01-01 00:00:00",Contact,9702,NULL,NULL,2
9586,"3, Bulmer Crescent",,Conisbrough,"LT72 1IK",Lincolnshire,1,Keaton.Blatchford@hotmail.com,1,"2012-03-08 13:36:55",1,"2000-01-01 00:00:00",Contact,9703,NULL,NULL,2
9587,"77, Benson Street",Northborough,Alderbury,"IJ47 6UP",,1,Molly.Brookes@hotmail.com,1,"2012-03-08 13:36:55",1,"2000-01-01 00:00:00",Contact,9704,NULL,NULL,2
9588,"32, Camp Court","North Fambridge","Lower Fagley","ZI52 1TC",Durham,1,Jean.Bickerton@hotmail.com,1,"2012-03-08 13:36:55",1,"2000-01-01 00:00:00",Contact,9705,NULL,NULL,2
9589,"82, Elder Street",Cardiff,Bickerstaffe,"VD77 1OD","County Down",1,Barnes.Blatchford@hotmail.com,1,"2012-03-08 13:36:55",1,"2000-01-01 00:00:00",Contact,9706,NULL,NULL,2
9590,"51, Emmett Road",,Tarbet,"TQ95 7FH",,1,Sophia.Barron@hotmail.com,1,"2012-03-08 13:36:55",1,"2000-01-01 00:00:00",Contact,9707,NULL,NULL,2
9591,"69, Cotton Crescent","Lower Stondon",Stenness,"UI67 9NI","Dumfries and Galloway",1,Madeleine.Drewe@hotmail.com,1,"2012-03-08 13:36:55",1,"2000-01-01 00:00:00",Contact,9708,NULL,NULL,2
9592,"34, Acland Lane",Horfield,Ammanford,"VV57 9WH",Cumbria,1,Charles.Backhouse@hotmail.com,1,"2012-03-08 13:36:55",1,"2000-01-01 00:00:00",Contact,9709,NULL,NULL,2
9593,"20, Maitland Court",,Mold,"LS83 6YL",,1,Gerald.Brett@hotmail.com,1,"2012-03-08 13:36:55",1,"2000-01-01 00:00:00",Contact,9710,NULL,NULL,2
9594,"62, Broughton Court","Wheelerend Common",Lisbellaw,"UW35 9TN",Derbyshire,1,Lee.Bryant@hotmail.com,1,"2012-03-08 13:36:55",1,"2000-01-01 00:00:00",Contact,9711,NULL,NULL,2
9595,"70, Elderton Crescent",,Morwenstow,"DC79 7EK","County Down",1,Lillian.Broomhall@hotmail.com,1,"2012-03-08 13:36:55",1,"2000-01-01 00:00:00",Contact,9712,NULL,NULL,2
9596,"9, Coates Road",Tillington,Sellack,"TA13 1FH",,1,Jennifer.Codling@hotmail.com,1,"2012-03-08 13:36:55",1,"2000-01-01 00:00:00",Contact,9713,NULL,NULL,2
9597,"92, Norton Court",Frensham,Galston,"SN22 9ND",,1,June.Thomason@hotmail.com,1,"2012-03-08 13:36:55",1,"2000-01-01 00:00:00",Contact,9714,NULL,NULL,2
9598,"1, Cawley Road","Totland Bay",Bowburn,"YS34 8WR",Lancashire,1,Savannah.Gabbard@hotmail.com,1,"2012-03-08 13:36:55",1,"2000-01-01 00:00:00",Contact,9715,NULL,NULL,2
9599,"42, Chatto Lane",Knaphill,Wisbech,"UM93 9DD",,1,Virginia.Bristow@hotmail.com,1,"2012-03-08 13:36:55",1,"2000-01-01 00:00:00",Contact,9716,NULL,NULL,2
9601,"115, Beckford Avenue",,Llangynidr,"JP44 9XP",Cleveland,1,Hannah.Kerry@hotmail.com,1,"2012-03-08 13:36:55",1,"2000-01-01 00:00:00",Contact,9718,NULL,NULL,2
9602,"92, Stokes Court",Lochcarron,Bournemouth,"GL64 6XJ",,1,Amy.Clinton@hotmail.com,1,"2012-03-08 13:36:55",1,"2000-01-01 00:00:00",Contact,9719,NULL,NULL,2
9603,"92, Westmacott Road",,Sedlescombe,"IB15 4TF",Somerset,1,Tania.Sampson@hotmail.com,1,"2012-03-08 13:36:55",1,"2000-01-01 00:00:00",Contact,9720,NULL,NULL,2
9604,"112, Browning Road",,Cowdenbeath,"DA94 1WB","County Londonderry",1,Ottiwell.Hollister@hotmail.com,1,"2012-03-08 13:36:55",1,"2000-01-01 00:00:00",Contact,9721,NULL,NULL,2
9605,"18, Willman Road",,"Great Tew","SF40 6GZ",,1,Joan.Morris@hotmail.com,1,"2012-03-08 13:36:55",1,"2000-01-01 00:00:00",Contact,9722,NULL,NULL,2
9606,"25, Daley Crescent",Blakeney,Colchester,"AX63 9IZ",Somerset,1,Jacob.Atkins@hotmail.com,1,"2012-03-08 13:36:55",1,"2000-01-01 00:00:00",Contact,9723,NULL,NULL,2
9607,"47, Teagarden Lane",,"High Bickington","VC48 5HJ",,1,Carolyn.Chaplin@hotmail.com,1,"2012-03-08 13:36:55",1,"2000-01-01 00:00:00",Contact,9724,NULL,NULL,2
9608,"6, Richardson Street",,"Totland Bay","YG42 4ZV",,1,Matilda.Kent@hotmail.com,1,"2012-03-08 13:36:55",1,"2000-01-01 00:00:00",Contact,9725,NULL,NULL,2
9609,"44, Brown Lane",Oakley,Tynemouth,"TD27 7ZO",Cheshire,1,Derek.Ash@hotmail.com,1,"2012-03-08 13:36:55",1,"2000-01-01 00:00:00",Contact,9726,NULL,NULL,2
9610,"65, Ashford Lane","Streatley on Thames",Ilkeston,"VZ52 8QC","County Antrim",1,Joan.Vincent@hotmail.com,1,"2012-03-08 13:36:55",1,"2000-01-01 00:00:00",Contact,9727,NULL,NULL,2
9611,"43, Maye Lane",Dunmurry,Reay,"NE77 9VP",,1,Michael.Ackerman@hotmail.com,1,"2012-03-08 13:36:55",1,"2000-01-01 00:00:00",Contact,9728,NULL,NULL,2
9612,"10, Strickland Crescent","Crazies Hill",Trelleck,"OP76 3OH",,1,Sidney.Osborn@hotmail.com,1,"2012-03-08 13:36:55",1,"2000-01-01 00:00:00",Contact,9729,NULL,NULL,2
9613,"90, Childs Avenue",Killough,Moulton,"QG86 1RN",,1,Amelia.Ashford@hotmail.com,1,"2012-03-08 13:36:55",1,"2000-01-01 00:00:00",Contact,9730,NULL,NULL,2
9614,"102, Boatwright Road",Broadford,Ardfern,"NU18 8MX",,1,Ashley.Allam@hotmail.com,1,"2012-03-08 13:36:55",1,"2000-01-01 00:00:00",Contact,9731,NULL,NULL,2
9615,"105, Bugden Lane",,Ludgvan,"TH11 3QX",Lincolnshire,1,Roxanne.Tidwell@hotmail.com,1,"2012-03-08 13:36:55",1,"2000-01-01 00:00:00",Contact,9732,NULL,NULL,2
9616,"85, Stephenson Street",Ballater,Galway,"HL89 2WO",,1,Nelson.Holman@hotmail.com,1,"2012-03-08 13:36:55",1,"2000-01-01 00:00:00",Contact,9733,NULL,NULL,2
9617,"58, Whittingham Street",,Lidgate,"DI18 1HA",Central,1,Ruth.Jacobs@hotmail.com,1,"2012-03-08 13:36:55",1,"2000-01-01 00:00:00",Contact,9734,NULL,NULL,2
9618,"15, Bessie Avenue",Easingwold,Sharnbrook,"PR72 2NO",,1,Tess.Davison@hotmail.com,1,"2012-03-08 13:36:55",1,"2000-01-01 00:00:00",Contact,9735,NULL,NULL,2
9619,"15, Close Road",Hutton-le-Hole,Kinlochleven,"JE79 4JM",,1,Bethany.Wilsey@hotmail.com,1,"2012-03-08 13:36:55",1,"2000-01-01 00:00:00",Contact,9736,NULL,NULL,2
9620,"61, Haven Road",Kingswood,Beckley,"AD52 1CK",,1,Deborah.Tayler@hotmail.com,1,"2012-03-08 13:36:55",1,"2000-01-01 00:00:00",Contact,9737,NULL,NULL,2
9621,"60, Burgess Road","Belchamp St Paul",Brandesburton,"FJ94 5OV",,1,Emory.Armistead@hotmail.com,1,"2012-03-08 13:36:55",1,"2000-01-01 00:00:00",Contact,9738,NULL,NULL,2
9622,"50, Morris Avenue",,Etchingham,"QW97 1CY",Leicestershire,1,Basil.Astbury@hotmail.com,1,"2012-03-08 13:36:55",1,"2000-01-01 00:00:00",Contact,9739,NULL,NULL,2
9623,"109, Bagnold Street",,Calveley,"KK29 7UD","West Midlands",1,Charles.Stephenson@hotmail.com,1,"2012-03-08 13:36:55",1,"2000-01-01 00:00:00",Contact,9740,NULL,NULL,2
9624,"119, Pike Street",Moulton,"Haselbury Plucknett","QY50 7GS",Norfolk,1,Meredith.Howard@hotmail.com,1,"2012-03-08 13:36:55",1,"2000-01-01 00:00:00",Contact,9741,NULL,NULL,2
9625,"50, Copley Road",,Glencoe,"YW15 2RS","Dumfries and Galloway",1,Sandra.Bent@hotmail.com,1,"2012-03-08 13:36:55",1,"2000-01-01 00:00:00",Contact,9742,NULL,NULL,2
9626,"62, Colvin Street",,Blisland,"FV83 8NR",Fife,1,Demi.Woolgar@hotmail.com,1,"2012-03-08 13:36:55",1,"2000-01-01 00:00:00",Contact,9743,NULL,NULL,2
9627,"80, Philippson Road",,Alveston,"MX22 8JY",Warwickshire,1,Barbara.Renshaw@hotmail.com,1,"2012-03-08 13:36:55",1,"2000-01-01 00:00:00",Contact,9744,NULL,NULL,2
9628,"29, Savidge Street",Rowhook,Greet,"JW85 3CD",,1,Selina.Pink@hotmail.com,1,"2012-03-08 13:36:55",1,"2000-01-01 00:00:00",Contact,9745,NULL,NULL,2
9629,"120, Bullock Court",,Altnagelvin,"LR64 1PG",Northumberland,1,Jennifer.Walker@hotmail.com,1,"2012-03-08 13:36:55",1,"2000-01-01 00:00:00",Contact,9746,NULL,NULL,2
9630,"100, Cock Street",Amberley,Flempton,"QL79 8ZY",,1,Howard.Zane@hotmail.com,1,"2012-03-08 13:36:55",1,"2000-01-01 00:00:00",Contact,9747,NULL,NULL,2
9631,"77, Alcock Street",,Dorridge,"EJ14 7NP",,1,Diamond.Aird@hotmail.com,1,"2012-03-08 13:36:55",1,"2000-01-01 00:00:00",Contact,9748,NULL,NULL,2
9632,"2, Tidwell Street",,Countywide,"QF28 2KR","West Sussex",1,Elizabeth.Middleton@hotmail.com,1,"2012-03-08 13:36:56",1,"2000-01-01 00:00:00",Contact,9749,NULL,NULL,2
9633,"96, Spivey Lane",Mendlesham,Stenness,"VC46 8NS",,1,Cowden.Cockerell@hotmail.com,1,"2012-03-08 13:36:56",1,"2000-01-01 00:00:00",Contact,9750,NULL,NULL,2
9634,"1, Barnhill Street","Virginia Water","St. Florence","AY24 8JX",,1,Elizabeth.Cates@hotmail.com,1,"2012-03-08 13:36:56",1,"2000-01-01 00:00:00",Contact,9751,NULL,NULL,2
9635,"78, Brett Court",,"Fonthill Gifford","CA85 1DF","County Down",1,Joanne.Burgess@hotmail.com,1,"2012-03-08 13:36:56",1,"2000-01-01 00:00:00",Contact,9752,NULL,NULL,2
9636,"19, Yallop Court",,Leckford,"HJ38 4AN","East Sussex",1,Schuyler.Bowra@hotmail.com,1,"2012-03-08 13:36:56",1,"2000-01-01 00:00:00",Contact,9753,NULL,NULL,2
9637,"107, Elder Court",Penycae,Ketton,"TB99 4AT",,1,Sharon.Coley@hotmail.com,1,"2012-03-08 13:36:56",1,"2000-01-01 00:00:00",Contact,9754,NULL,NULL,2
9638,"55, Brooker Crescent",Glendale,"Houghton Le Spring","VT81 6BJ",,1,Riley.Alleine@hotmail.com,1,"2012-03-08 13:36:56",1,"2000-01-01 00:00:00",Contact,9755,NULL,NULL,2
9639,"57, Allfrey Road",,Acton,"ZN36 8EF",,1,Fred.Hudson@hotmail.com,1,"2012-03-08 13:36:56",1,"2000-01-01 00:00:00",Contact,9756,NULL,NULL,2
9640,"101, Harman Crescent",Elland,"Ebbesbourne Wake","GQ83 7OH",,1,Elaine.Crow@hotmail.com,1,"2012-03-08 13:36:56",1,"2000-01-01 00:00:00",Contact,9757,NULL,NULL,2
9641,"45, Davidson Crescent",,Fenstanton,"EV92 2VU",,1,Andrew.Gorelick@hotmail.com,1,"2012-03-08 13:36:56",1,"2000-01-01 00:00:00",Contact,9758,NULL,NULL,2
9642,"112, Thompson Road","Sutton Cheney",Kirkconnel,"AG11 4ZN",,1,Lucy.Whittingham@hotmail.com,1,"2012-03-08 13:36:56",1,"2000-01-01 00:00:00",Contact,9759,NULL,NULL,2
9643,"81, Barron Crescent",,Tregaron,"WP84 5PU",,1,Simone.Beazley@hotmail.com,1,"2012-03-08 13:36:56",1,"2000-01-01 00:00:00",Contact,9760,NULL,NULL,2
9644,"20, Scrope Road","White Waltham",Woking,"HT77 7CK",Powys,1,Maude.Harman@hotmail.com,1,"2012-03-08 13:36:56",1,"2000-01-01 00:00:00",Contact,9761,NULL,NULL,2
9645,"108, Mayall Court",,Bray,"JS88 2ME",Gloucestershire,1,Tyler.Willson@hotmail.com,1,"2012-03-08 13:36:56",1,"2000-01-01 00:00:00",Contact,9762,NULL,NULL,2
9646,"107, F Street",,Clavering,"MR69 1OE",Essex,1,Floyd.Coast@hotmail.com,1,"2012-03-08 13:36:56",1,"2000-01-01 00:00:00",Contact,9763,NULL,NULL,2
9647,"83, Mort Avenue",,Auchinleck,"MY65 4UB",,1,Ruby.Harriss@hotmail.com,1,"2012-03-08 13:36:56",1,"2000-01-01 00:00:00",Contact,9764,NULL,NULL,2
9648,"70, Butterworth Road",Ightham,"Kelly Brae","MI87 3ZG",,1,Floyd.Wylde@hotmail.com,1,"2012-03-08 13:36:56",1,"2000-01-01 00:00:00",Contact,9765,NULL,NULL,2
9649,"112, Charles Street",,Countywide,"AV46 2HI",,1,Nelson.Appleby@hotmail.com,1,"2012-03-08 13:36:56",1,"2000-01-01 00:00:00",Contact,9766,NULL,NULL,2
9650,"36, Denham Crescent","Sutton Cheney","Thorpe Thewles","MU18 4MV",Gloucestershire,1,Kitty.Backhouse@hotmail.com,1,"2012-03-08 13:36:56",1,"2000-01-01 00:00:00",Contact,9767,NULL,NULL,2
9651,"91, Crosse Avenue",,Dervaig,"TJ31 7TH",,1,Riley.Michaelson@hotmail.com,1,"2012-03-08 13:36:56",1,"2000-01-01 00:00:00",Contact,9768,NULL,NULL,2
9652,"9, Jones Crescent","Thornton Heath",Chaddleworth,"PY37 9VC",Lothian,1,Gregory.Osborn@hotmail.com,1,"2012-03-08 13:36:56",1,"2000-01-01 00:00:00",Contact,9769,NULL,NULL,2
9653,"52, Denham Crescent",,Chagford,"IS11 6OZ",,1,Howard.Stumbles@hotmail.com,1,"2012-03-08 13:36:56",1,"2000-01-01 00:00:00",Contact,9770,NULL,NULL,2
9654,"3, Chatto Road",Akebar,Cummertrees,"PO24 8PD",,1,Savannah.Helton@hotmail.com,1,"2012-03-08 13:36:56",1,"2000-01-01 00:00:00",Contact,9771,NULL,NULL,2
9655,"57, Cotes Crescent",,Emborough,"BS46 9IK",,1,Joseph.Audley@hotmail.com,1,"2012-03-08 13:36:56",1,"2000-01-01 00:00:00",Contact,9772,NULL,NULL,2
9656,"5, Codling Crescent",,Smalley,"OT97 3XA","West Midlands",1,Helen.Blanchflower@hotmail.com,1,"2012-03-08 13:36:56",1,"2000-01-01 00:00:00",Contact,9773,NULL,NULL,2
9657,"109, Chance Court",,"Lower Hartshay","SD86 9RD",Oxfordshire,1,Gilbert.Paddick@hotmail.com,1,"2012-03-08 13:36:56",1,"2000-01-01 00:00:00",Contact,9774,NULL,NULL,2
9658,"103, Strickland Road","Lower Peover",Gorey,"XL18 6WG",,1,Derek.Bayley@hotmail.com,1,"2012-03-08 13:36:56",1,"2000-01-01 00:00:00",Contact,9775,NULL,NULL,2
9659,"56, Astbury Lane",Stretton,"Hinton Charterhouse","PL14 1LM",,1,Rowan.Clavering@hotmail.com,1,"2012-03-08 13:36:56",1,"2000-01-01 00:00:00",Contact,9776,NULL,NULL,2
9660,"106, Coleridge Court",Millisle,Eastcote,"BW33 7SD",,1,Leonora.Sprot@hotmail.com,1,"2012-03-08 13:36:56",1,"2000-01-01 00:00:00",Contact,9777,NULL,NULL,2
9661,"4, Bushell Crescent",,Ardmillan,"UP41 9CF","County Antrim",1,Giles.Richardson@hotmail.com,1,"2012-03-08 13:36:56",1,"2000-01-01 00:00:00",Contact,9778,NULL,NULL,2
9662,"91, Mayall Street",,Harrogate,"PT94 5KW",Staffordshire,1,Mindy.Clavering@hotmail.com,1,"2012-03-08 13:36:56",1,"2000-01-01 00:00:00",Contact,9779,NULL,NULL,2
9663,"98, Paulson Street",Bray,Wellington,"XE97 1DP",Hertfordshire,1,Destiny.Worthington@hotmail.com,1,"2012-03-08 13:36:56",1,"2000-01-01 00:00:00",Contact,9780,NULL,NULL,2
9664,"84, Butterworth Road",,Bourn,"HF49 5PB","County Antrim",1,Poppy.Sprot@hotmail.com,1,"2012-03-08 13:36:56",1,"2000-01-01 00:00:00",Contact,9781,NULL,NULL,2
9665,"19, Channing Lane",,Rusper,"XL69 4UE","South Yorkshire",1,Amy.Sykes@hotmail.com,1,"2012-03-08 13:36:56",1,"2000-01-01 00:00:00",Contact,9782,NULL,NULL,2
9666,"61, Chaplin Court","East Chaldon",Trelawnyd,"HC61 1PQ",Northumberland,1,Nicolas.Thomson@hotmail.com,1,"2012-03-08 13:36:56",1,"2000-01-01 00:00:00",Contact,9783,NULL,NULL,2
9667,"49, Best Avenue",Hockley,Kelty,"HA89 1CQ",,1,Alexander.Robison@hotmail.com,1,"2012-03-08 13:36:56",1,"2000-01-01 00:00:00",Contact,9784,NULL,NULL,2
9668,"24, Brooke Street",,Hambrook,"QS59 8FU","County Armagh",1,Nicole.Williamson@hotmail.com,1,"2012-03-08 13:36:56",1,"2000-01-01 00:00:00",Contact,9785,NULL,NULL,2
9669,"76, Philbrook Court",,"St Mellion","FF21 2ZL",,1,Gerard.Pickard@hotmail.com,1,"2012-03-08 13:36:56",1,"2000-01-01 00:00:00",Contact,9786,NULL,NULL,2
9670,"7, Croasdale Avenue",,"New Mills","GH69 3KB","County Antrim",1,James.Mather@hotmail.com,1,"2012-03-08 13:36:56",1,"2000-01-01 00:00:00",Contact,9787,NULL,NULL,2
9671,"68, Ayrton Lane",Pontarddulais,"South Reston","XS27 2RK",Oxfordshire,1,Wilhelmina.Bewley@hotmail.com,1,"2012-03-08 13:36:56",1,"2000-01-01 00:00:00",Contact,9788,NULL,NULL,2
9672,"82, Leventhal Avenue",,Countywide,"WM64 1CY","County Armagh",1,Bridget.Elderton@hotmail.com,1,"2012-03-08 13:36:56",1,"2000-01-01 00:00:00",Contact,9789,NULL,NULL,2
9673,"34, Emory Street",,Shipley,"JU36 1NB",Norfolk,1,Michelle.Biggs@hotmail.com,1,"2012-03-08 13:36:56",1,"2000-01-01 00:00:00",Contact,9790,NULL,NULL,2
9674,"51, Rhett Avenue",,Downside,"AP83 1CP",Merseyside,1,Melissa.Penington@hotmail.com,1,"2012-03-08 13:36:56",1,"2000-01-01 00:00:00",Contact,9791,NULL,NULL,2
9675,"119, Bloor Crescent",,Cobh,"GL50 6QB",Buckinghamshire,1,Abram.Jacobson@hotmail.com,1,"2012-03-08 13:36:56",1,"2000-01-01 00:00:00",Contact,9792,NULL,NULL,2
9676,"116, Benton Road",,"Halwill Junction","JJ65 1DO",Strathclyde,1,Marla.Appleby@hotmail.com,1,"2012-03-08 13:36:56",1,"2000-01-01 00:00:00",Contact,9793,NULL,NULL,2
9677,"56, Seymour Lane",,"Kinloch Rannoch","OG86 4KR",,1,Madeline.Copley@hotmail.com,1,"2012-03-08 13:36:56",1,"2000-01-01 00:00:00",Contact,9794,NULL,NULL,2
9678,"25, Ovenden Road","Church Knowle","Peppard Common","AG97 8OW",,1,Amber.Crisp@hotmail.com,1,"2012-03-08 13:36:56",1,"2000-01-01 00:00:00",Contact,9795,NULL,NULL,2
9679,"102, Cotes Avenue",,Alfriston,"KD95 3GE",,1,Sheila.Conrad@hotmail.com,1,"2012-03-08 13:36:56",1,"2000-01-01 00:00:00",Contact,9796,NULL,NULL,2
9680,"119, Bristow Lane",,Charlton,"UG33 9WG",Gloucestershire,1,Nevaeh.Channing@hotmail.com,1,"2012-03-08 13:36:56",1,"2000-01-01 00:00:00",Contact,9797,NULL,NULL,2
9681,"9, Cobbold Street",Ramsbottom,Wallington,"DP42 2QJ",,1,Hannah.Ashford@hotmail.com,1,"2012-03-08 13:36:56",1,"2000-01-01 00:00:00",Contact,9798,NULL,NULL,2
9682,"92, Wakeham Lane",Micheldever,Kingswood,"VV30 5JG",,1,Sheryl.Tawney@hotmail.com,1,"2012-03-08 13:36:56",1,"2000-01-01 00:00:00",Contact,9799,NULL,NULL,2
9683,"36, Smallcombe Street",,Dunmurry,"KJ83 2HI",,1,Sydney.Ruddy@hotmail.com,1,"2012-03-08 13:36:56",1,"2000-01-01 00:00:00",Contact,9800,NULL,NULL,2
9684,"117, Bowlby Road",Dirleton,Farmborough,"CM18 8ZY",,1,Bethany.Robison@hotmail.com,1,"2012-03-08 13:36:56",1,"2000-01-01 00:00:00",Contact,9801,NULL,NULL,2
9685,"105, Clinton Road",,"Christmas Common","ZT32 5DE",,1,Sandra.Crisp@hotmail.com,1,"2012-03-08 13:36:56",1,"2000-01-01 00:00:00",Contact,9802,NULL,NULL,2
9686,"77, Butterworth Court",Hintlesham,Clifton,"WM85 2JH",Lincolnshire,1,Woodrow.Emmett@hotmail.com,1,"2012-03-08 13:36:56",1,"2000-01-01 00:00:00",Contact,9803,NULL,NULL,2
9687,"11, Randell Crescent",Southville,Edgcumbe,"LA50 6MT",Avon,1,Bertha.Bogart@hotmail.com,1,"2012-03-08 13:36:56",1,"2000-01-01 00:00:00",Contact,9804,NULL,NULL,2
9688,"47, Mobbs Lane",Moulsoe,Hanley,"CB75 1PX","Dumfries and Galloway",1,Meredith.Cavendish-Bentinck@hotmail.com,1,"2012-03-08 13:36:56",1,"2000-01-01 00:00:00",Contact,9805,NULL,NULL,2
9689,"54, Skirrow Road",,"St Ouens Bay","FH54 4MY",Lincolnshire,1,Kristen.Clemons@hotmail.com,1,"2012-03-08 13:36:56",1,"2000-01-01 00:00:00",Contact,9806,NULL,NULL,2
9690,"36, Simpson Lane",,"Compton Martin","GR89 4FD",,1,Archibald.Tubb@hotmail.com,1,"2012-03-08 13:36:56",1,"2000-01-01 00:00:00",Contact,9807,NULL,NULL,2
9691,"103, Purcell Lane",Riverstown,"Milton Common","JA36 4OF",Bedfordshire,1,Samuel.Hopkin@hotmail.com,1,"2012-03-08 13:36:56",1,"2000-01-01 00:00:00",Contact,9808,NULL,NULL,2
9692,"78, Watkin Lane",,"Willingham St Mary","SO53 2QM",,1,India.Cumberland@hotmail.com,1,"2012-03-08 13:36:56",1,"2000-01-01 00:00:00",Contact,9809,NULL,NULL,2
9693,"71, Chorley Street",,Pulloxhill,"FJ63 9ED",Cleveland,1,Jerrold.Sampson@hotmail.com,1,"2012-03-08 13:36:56",1,"2000-01-01 00:00:00",Contact,9810,NULL,NULL,2
9694,"79, Davison Lane",,Scunthorpe,"JG58 7ST",,1,Savannah.Chorley@hotmail.com,1,"2012-03-08 13:36:56",1,"2000-01-01 00:00:00",Contact,9811,NULL,NULL,2
9695,"117, Templer Avenue",Aylmerton,Whitehaven,"GR89 9RT",,1,Sidney.Porter@hotmail.com,1,"2012-03-08 13:36:56",1,"2000-01-01 00:00:00",Contact,9812,NULL,NULL,2
9696,"32, Bullokar Crescent",,Benderloch,"ZG39 1ZX","West Sussex",1,Chay.Stephenson@hotmail.com,1,"2012-03-08 13:36:56",1,"2000-01-01 00:00:00",Contact,9813,NULL,NULL,2
9697,"46, Coley Lane",,Pensford,"HN65 9NO",,1,Annie.Calbraith@hotmail.com,1,"2012-03-08 13:36:56",1,"2000-01-01 00:00:00",Contact,9814,NULL,NULL,2
9698,"117, Brayshaw Road",Burnopfield,"Shipton Gorge","AX53 6ZL",,1,Bridget.Blake@hotmail.com,1,"2012-03-08 13:36:56",1,"2000-01-01 00:00:00",Contact,9815,NULL,NULL,2
9699,"68, Mosley Street",,Ashwater,"SN83 3YY",,1,Liza.Croom@hotmail.com,1,"2012-03-08 13:36:56",1,"2000-01-01 00:00:00",Contact,9816,NULL,NULL,2
9701,"120, Cobbett Avenue",,Sidlesham,"MC51 8DK",Cambridgeshire,1,Jessie.Crosland@hotmail.com,1,"2012-03-08 13:36:56",1,"2000-01-01 00:00:00",Contact,9818,NULL,NULL,2
9702,"74, Brandis Court",Smithfield,Dunbar,"LZ99 1WW",,1,Lucretia.Bates@hotmail.com,1,"2012-03-08 13:36:56",1,"2000-01-01 00:00:00",Contact,9819,NULL,NULL,2
9703,"3, Atkinson Crescent",,"St. Leonards on Sea","RJ42 4CW",,1,Darlene.Savidge@hotmail.com,1,"2012-03-08 13:36:56",1,"2000-01-01 00:00:00",Contact,9820,NULL,NULL,2
9704,"68, Meyers Court",,Worsbrough,"KO21 1SM",,1,Reynold.Cobbett@hotmail.com,1,"2012-03-08 13:36:56",1,"2000-01-01 00:00:00",Contact,9821,NULL,NULL,2
9705,"117, Copley Lane",,Cheddington,"DL41 3MW",Merseyside,1,Josephine.Carrier@hotmail.com,1,"2012-03-08 13:36:56",1,"2000-01-01 00:00:00",Contact,9822,NULL,NULL,2
9706,"77, Childe Crescent",,Leatherhead,"VO59 8MH","County Antrim",1,Brianna.King@hotmail.com,1,"2012-03-08 13:36:56",1,"2000-01-01 00:00:00",Contact,9823,NULL,NULL,2
9707,"69, Molyneux Avenue","Marple Bridge",Sawley,"SG26 4PC",Shropshire,1,Katherine.Marcus@hotmail.com,1,"2012-03-08 13:36:56",1,"2000-01-01 00:00:00",Contact,9824,NULL,NULL,2
9708,"47, Furse Road",Boot,Hilderstone,"EI84 4XX",,1,Emory.Laycock@hotmail.com,1,"2012-03-08 13:36:56",1,"2000-01-01 00:00:00",Contact,9825,NULL,NULL,2
9709,"120, Crick Avenue",,Southgate,"OY66 3BD",,1,Jill.Dent@hotmail.com,1,"2012-03-08 13:36:56",1,"2000-01-01 00:00:00",Contact,9826,NULL,NULL,2
9710,"91, Chorley Crescent",,Fulham,"IE11 5JV",Clwyd,1,Roderick.Coulson@hotmail.com,1,"2012-03-08 13:36:56",1,"2000-01-01 00:00:00",Contact,9827,NULL,NULL,2
9711,"104, Broderick Crescent",,"Leeds Bradford Airport","UP79 1DE",,1,Barbara.Sartorius@hotmail.com,1,"2012-03-08 13:36:56",1,"2000-01-01 00:00:00",Contact,9828,NULL,NULL,2
9712,"20, Davison Street",,Hexton,"HB67 4CO",Surrey,1,Archibald.Bean@hotmail.com,1,"2012-03-08 13:36:56",1,"2000-01-01 00:00:00",Contact,9829,NULL,NULL,2
9713,"32, Cottrell Lane",,"Horsley Woodhouse","KX23 4LY",,1,Riley.Acker@hotmail.com,1,"2012-03-08 13:36:56",1,"2000-01-01 00:00:00",Contact,9830,NULL,NULL,2
9714,"112, Coxon Street",Over,Crianlarich,"JY70 5FV","West Sussex",1,Alison.Sprat@hotmail.com,1,"2012-03-08 13:36:56",1,"2000-01-01 00:00:00",Contact,9831,NULL,NULL,2
9715,"102, Bateson Crescent",,Armthorpe,"YJ52 7WK",Derbyshire,1,Julian.Dimbleby@hotmail.com,1,"2012-03-08 13:36:56",1,"2000-01-01 00:00:00",Contact,9832,NULL,NULL,2
9716,"116, Bourne Avenue",Rooskey,"St Mary","PF26 3QR",Humberside,1,Barnes.Appleby@hotmail.com,1,"2012-03-08 13:36:56",1,"2000-01-01 00:00:00",Contact,9833,NULL,NULL,2
9717,"52, Hepburn Avenue",,"Englefield Green","ML11 2XR",Powys,1,Maggie.Chaucer@hotmail.com,1,"2012-03-08 13:36:56",1,"2000-01-01 00:00:00",Contact,9834,NULL,NULL,2
9718,"53, Scantlebury Court",Darlingscott,Hamble,"XE92 5NN","East Sussex",1,Ken.Chatto@hotmail.com,1,"2012-03-08 13:36:56",1,"2000-01-01 00:00:00",Contact,9835,NULL,NULL,2
9719,"82, Woolgar Crescent",Kippen,Longtown,"FK70 7HB","West Sussex",1,Cowden.Hawkins@hotmail.com,1,"2012-03-08 13:36:56",1,"2000-01-01 00:00:00",Contact,9836,NULL,NULL,2
9720,"58, Mallory Avenue",Latheronwheel,"Thames Ditton","OH69 9LO",,1,Jean.Smollett@hotmail.com,1,"2012-03-08 13:36:56",1,"2000-01-01 00:00:00",Contact,9837,NULL,NULL,2
9721,"98, Abbot Road",,"Buckhorn Weston","UW54 1BM",Devon,1,Kerr.Armstead@hotmail.com,1,"2012-03-08 13:36:56",1,"2000-01-01 00:00:00",Contact,9838,NULL,NULL,2
9722,"24, Woolford Crescent",,Sudbury,"VD83 3EV",,1,Tammy.Condict@hotmail.com,1,"2012-03-08 13:36:56",1,"2000-01-01 00:00:00",Contact,9839,NULL,NULL,2
9723,"79, Michaelson Court",Spaxton,Douglas,"SO66 3YR","County Fermanagh",1,Gabriel.Nelson@hotmail.com,1,"2012-03-08 13:36:56",1,"2000-01-01 00:00:00",Contact,9840,NULL,NULL,2
9724,"33, Calvert Crescent",Aldbury,Chathill,"CP15 4DV",Dorset,1,Lucinda.Kent@hotmail.com,1,"2012-03-08 13:36:56",1,"2000-01-01 00:00:00",Contact,9841,NULL,NULL,2
9725,"49, Bestor Avenue",Meigle,Paglesham,"II32 9QP","Dumfries and Galloway",1,Jeffrey.Childe@hotmail.com,1,"2012-03-08 13:36:56",1,"2000-01-01 00:00:00",Contact,9842,NULL,NULL,2
9726,"69, Stokes Street",,Spennymoor,"KO39 6MO",,1,Jeffrey.Emmett@hotmail.com,1,"2012-03-08 13:36:56",1,"2000-01-01 00:00:00",Contact,9843,NULL,NULL,2
9727,"61, Allerton Lane",,"Blair Atholl","UW37 3MR",,1,Ottiwell.Porter@hotmail.com,1,"2012-03-08 13:36:56",1,"2000-01-01 00:00:00",Contact,9844,NULL,NULL,2
9728,"86, Cruwys Street","Skeabost Bridge",Guisborough,"AP63 2NB","East Sussex",1,Justine.Pleydell-Bouverie@hotmail.com,1,"2012-03-08 13:36:56",1,"2000-01-01 00:00:00",Contact,9845,NULL,NULL,2
9729,"35, Bourchier Lane",Rattery,Spetisbury,"VP63 8YI",,1,Robert.Beardsley@hotmail.com,1,"2012-03-08 13:36:56",1,"2000-01-01 00:00:00",Contact,9846,NULL,NULL,2
9730,"117, Hawkins Street",,Chilton,"BL92 4IG",Dyfed,1,Blanche.Trueman@hotmail.com,1,"2012-03-08 13:36:56",1,"2000-01-01 00:00:00",Contact,9847,NULL,NULL,2
9731,"94, Wheatley Court",,Selsey,"FD93 2AV",,1,Malcolm.Tayler@hotmail.com,1,"2012-03-08 13:36:56",1,"2000-01-01 00:00:00",Contact,9848,NULL,NULL,2
9732,"107, Cockayne Lane",,Scorrier,"BE96 3AA","County Tyrone",1,Helen.Bogart@hotmail.com,1,"2012-03-08 13:36:56",1,"2000-01-01 00:00:00",Contact,9849,NULL,NULL,2
9733,"35, Scrope Road",,"Tenbury Wells","XP56 5HI",,1,Darby.Wylde@hotmail.com,1,"2012-03-08 13:36:56",1,"2000-01-01 00:00:00",Contact,9850,NULL,NULL,2
9734,"37, Beaufort Street","Walpole St Andrew",Dalston,"AZ68 1IW","Highlands and Islands",1,Julian.Randell@hotmail.com,1,"2012-03-08 13:36:56",1,"2000-01-01 00:00:00",Contact,9851,NULL,NULL,2
9735,"31, Cliff Crescent",,Binfield,"JR54 7KM",,1,Maud.Wetherell@hotmail.com,1,"2012-03-08 13:36:56",1,"2000-01-01 00:00:00",Contact,9852,NULL,NULL,2
9736,"106, Cruwys Street",Turnberry,Elsecar,"ZP37 9SJ",Berkshire,1,Maud.White@hotmail.com,1,"2012-03-08 13:36:56",1,"2000-01-01 00:00:00",Contact,9853,NULL,NULL,2
9737,"100, Darby Road","Walpole St Andrew",Cashel,"YV91 6EL",Borders,1,Pauline.Hughes@hotmail.com,1,"2012-03-08 13:36:56",1,"2000-01-01 00:00:00",Contact,9854,NULL,NULL,2
9738,"93, Carlile Court",,Bunbury,"EM92 3WR","County Tyrone",1,Sydney.Courtney@hotmail.com,1,"2012-03-08 13:36:56",1,"2000-01-01 00:00:00",Contact,9855,NULL,NULL,2
9739,"117, Boddy Court",Cumbernauld,Desborough,"VI80 4ZD",,1,Liza.Whistler@hotmail.com,1,"2012-03-08 13:36:56",1,"2000-01-01 00:00:00",Contact,9856,NULL,NULL,2
9740,"108, Teagarden Avenue",Foxdale,Heytesbury,"XE14 2QB",Merseyside,1,Darnell.Rapson@hotmail.com,1,"2012-03-08 13:36:56",1,"2000-01-01 00:00:00",Contact,9857,NULL,NULL,2
9741,"39, Sprat Avenue",Oscroft,Marianglas,"AH78 4AY",,1,Caroline.Carpenter@hotmail.com,1,"2012-03-08 13:36:56",1,"2000-01-01 00:00:00",Contact,9858,NULL,NULL,2
9742,"16, Bennet Lane",,Dunster,"PS13 4HL",,1,Susan.Hallows@hotmail.com,1,"2012-03-08 13:36:56",1,"2000-01-01 00:00:00",Contact,9859,NULL,NULL,2
9743,"58, Buckmaster Street",,Longridge,"ZO83 8CD",Bedfordshire,1,Diamond.Broadbent@hotmail.com,1,"2012-03-08 13:36:56",1,"2000-01-01 00:00:00",Contact,9860,NULL,NULL,2
9744,"64, Mather Avenue",,Bolventor,"XH28 4JE",Kent,1,Rowan.Kendal@hotmail.com,1,"2012-03-08 13:36:56",1,"2000-01-01 00:00:00",Contact,9861,NULL,NULL,2
9745,"44, Fettiplace Avenue",Roche,Palnackie,"DR75 7XV","Mid Glamorgan",1,Mackenzie.Cundy@hotmail.com,1,"2012-03-08 13:36:56",1,"2000-01-01 00:00:00",Contact,9862,NULL,NULL,2
9746,"34, Chaplin Court",,Countywide,"IA19 4JX",Lincolnshire,1,Scarlett.Bushell@hotmail.com,1,"2012-03-08 13:36:56",1,"2000-01-01 00:00:00",Contact,9863,NULL,NULL,2
9747,"78, Bugden Court",Haringey,"Leek Wootton","SN23 2KB",,1,Kate.Carlisle@hotmail.com,1,"2012-03-08 13:36:56",1,"2000-01-01 00:00:00",Contact,9864,NULL,NULL,2
9748,"112, Bottomley Street","Queens Park",Vale,"OS69 9DV",Cornwall,1,Shannon.Butler@hotmail.com,1,"2012-03-08 13:36:56",1,"2000-01-01 00:00:00",Contact,9865,NULL,NULL,2
9749,"108, Hayday Road",Salen,"St Johns","RN76 1GW",,1,Charlotte.Andrews@hotmail.com,1,"2012-03-08 13:36:56",1,"2000-01-01 00:00:00",Contact,9866,NULL,NULL,2
9750,"91, Galton Street",Hailsham,Deeside,"WK62 4HN",Cleveland,1,Aubrey.Bryson@hotmail.com,1,"2012-03-08 13:36:56",1,"2000-01-01 00:00:00",Contact,9867,NULL,NULL,2
9751,"77, Ovenden Road",Pennal,Salen,"QA65 6DF",,1,Simone.Brooker@hotmail.com,1,"2012-03-08 13:36:56",1,"2000-01-01 00:00:00",Contact,9868,NULL,NULL,2
9752,"88, Ravenshaw Street",,Whitchurch,"GO77 8KA",,1,Jenson.Cruger@hotmail.com,1,"2012-03-08 13:36:56",1,"2000-01-01 00:00:00",Contact,9869,NULL,NULL,2
9753,"116, Clapp Court","Worlds End",Deeside,"TI99 7IN","South Yorkshire",1,Denise.Bigg@hotmail.com,1,"2012-03-08 13:36:57",1,"2000-01-01 00:00:00",Contact,9870,NULL,NULL,2
9754,"106, Crosland Court",Denmead,Oldfield,"XT54 9QH",,1,Theodore.Pleydell-Bouverie@hotmail.com,1,"2012-03-08 13:36:57",1,"2000-01-01 00:00:00",Contact,9871,NULL,NULL,2
9755,"52, Castle Court",Grazeley,Wortwell,"YZ80 5RK",Norfolk,1,Scott.Brewer@hotmail.com,1,"2012-03-08 13:36:57",1,"2000-01-01 00:00:00",Contact,9872,NULL,NULL,2
9756,"35, Robison Lane",Wichenford,Gorebridge,"QV88 7GZ",Derbyshire,1,Hannah.Trainor@hotmail.com,1,"2012-03-08 13:36:57",1,"2000-01-01 00:00:00",Contact,9873,NULL,NULL,2
9757,"105, Holliday Lane",,Peterlee,"HA15 5WD",Dyfed,1,Suzanne.Birkin@hotmail.com,1,"2012-03-08 13:36:57",1,"2000-01-01 00:00:00",Contact,9874,NULL,NULL,2
9758,"88, Flack Road","Ogbourne St George",Whitworth,"LG33 8LB",Cheshire,1,Siobh√°n.Conant@hotmail.com,1,"2012-08-23 13:33:19",1,"2000-01-01 00:00:00",Contact,9875,NULL,NULL,2
9759,"11, Fellows Avenue",Osterley,Upholland,"XN85 1LM","County Tyrone",1,Justin.Renshaw@hotmail.com,1,"2012-03-08 13:36:57",1,"2000-01-01 00:00:00",Contact,9876,NULL,NULL,2
9760,"84, Woodson Court",,Weston,"XX62 1ZL","County Londonderry",1,Rowena.Whistler@hotmail.com,1,"2012-03-08 13:36:57",1,"2000-01-01 00:00:00",Contact,9877,NULL,NULL,2
9761,"29, Drewe Lane",,Minsterley,"KM21 1UJ",Tayside,1,Frederick.Fettiplace@hotmail.com,1,"2012-03-08 13:36:57",1,"2000-01-01 00:00:00",Contact,9878,NULL,NULL,2
9762,"14, Bestor Court",,Cheddar,"VT81 7QJ",,1,David.Tayler@hotmail.com,1,"2012-03-08 13:36:57",1,"2000-01-01 00:00:00",Contact,9879,NULL,NULL,2
9763,"28, Johnson Crescent",,Bedminster,"IW34 2BL",Hampshire,1,Nora.Bloxsom@hotmail.com,1,"2012-03-08 13:36:57",1,"2000-01-01 00:00:00",Contact,9880,NULL,NULL,2
9764,"20, Appleyard Road",,Westhoughton,"LD17 6PD",Worcestershire,1,Mackenzie.Ash@hotmail.com,1,"2012-03-08 13:36:57",1,"2000-01-01 00:00:00",Contact,9881,NULL,NULL,2
9765,"38, Jacobson Avenue","Borough Green",Forres,"WP30 9KY",,1,Pippa.Bourchier@hotmail.com,1,"2012-03-08 13:36:57",1,"2000-01-01 00:00:00",Contact,9882,NULL,NULL,2
9766,"23, Abbott Street",Countywide,Alston,"HJ15 6TZ",,1,Elizabeth.Compton@hotmail.com,1,"2012-03-08 13:36:57",1,"2000-01-01 00:00:00",Contact,9883,NULL,NULL,2
9767,"94, Samuelson Avenue",Looe,Tweedmouth,"LW45 4NL","County Down",1,Louise.Conrad@hotmail.com,1,"2012-03-08 13:36:57",1,"2000-01-01 00:00:00",Contact,9884,NULL,NULL,2
9768,"20, Chorley Court",Stowting,"Forest Gate","CH99 6ZX",Humberside,1,George.Beaupre@hotmail.com,1,"2012-03-08 13:36:57",1,"2000-01-01 00:00:00",Contact,9885,NULL,NULL,2
9769,"111, Paterson Street",Ickleford,Bowness-on-Windermere,"OD41 5TY",Northumberland,1,Ryan.Seymour@hotmail.com,1,"2012-03-08 13:36:57",1,"2000-01-01 00:00:00",Contact,9886,NULL,NULL,2
9770,"105, Philipson Crescent",,Brodick,"IX74 4RB",,1,Bethany.Trueman@hotmail.com,1,"2012-03-08 13:36:57",1,"2000-01-01 00:00:00",Contact,9887,NULL,NULL,2
9771,"45, Gentner Street",,Croydon,"XS63 6AR","West Sussex",1,Hayley.Blanchflower@hotmail.com,1,"2012-03-08 13:36:57",1,"2000-01-01 00:00:00",Contact,9888,NULL,NULL,2
9772,"66, Baines Lane",,Hockley,"GJ88 7OV",,1,Emory.Boddy@hotmail.com,1,"2012-03-08 13:36:57",1,"2000-01-01 00:00:00",Contact,9889,NULL,NULL,2
9773,"110, Butterworth Lane",,Hale,"VT43 9JX",Buckinghamshire,1,Meredith.Calbraith@hotmail.com,1,"2012-03-08 13:36:57",1,"2000-01-01 00:00:00",Contact,9890,NULL,NULL,2
9774,"41, York Crescent",Gatehead,Northrepps,"XK93 1AE",,1,Moira.Watkins@hotmail.com,1,"2012-03-08 13:36:57",1,"2000-01-01 00:00:00",Contact,9891,NULL,NULL,2
9775,"70, Watkin Road",,Cairndow,"EP48 9YD",Somerset,1,Joan.Calvert@hotmail.com,1,"2012-03-08 13:36:57",1,"2000-01-01 00:00:00",Contact,9892,NULL,NULL,2
9776,"6, Samuelson Avenue",,Beamish,"IZ90 1EH",,1,Vicary.Zane@hotmail.com,1,"2012-03-08 13:36:57",1,"2000-01-01 00:00:00",Contact,9893,NULL,NULL,2
9777,"41, Mosley Lane",,Llannerch-Y-Medd,"VU69 1PR",Grampian,1,Bette.Bryden@hotmail.com,1,"2012-03-08 13:36:57",1,"2000-01-01 00:00:00",Contact,9894,NULL,NULL,2
9778,"35, Foakes Avenue",,"Burton Agnes","HD33 9VB",,1,Oscar.Watkins@hotmail.com,1,"2012-03-08 13:36:57",1,"2000-01-01 00:00:00",Contact,9895,NULL,NULL,2
9779,"48, Wragg Lane",,Nelson,"ED15 3CS",Nottinghamshire,1,Bette.Benjamin@hotmail.com,1,"2012-03-08 13:36:57",1,"2000-01-01 00:00:00",Contact,9896,NULL,NULL,2
9780,"68, Buckmaster Lane",,Kingston,"DX96 1ID",Suffolk,1,Allison.Maitland@hotmail.com,1,"2012-03-08 13:36:57",1,"2000-01-01 00:00:00",Contact,9897,NULL,NULL,2
9781,"59, Aird Avenue",,"Pease Pottage","EN98 7GL",Bedfordshire,1,Abigail.Cowper@hotmail.com,1,"2012-03-08 13:36:57",1,"2000-01-01 00:00:00",Contact,9898,NULL,NULL,2
9782,"89, Coley Court",,Countywide,"SD19 7TS",,1,Samantha.Arnold@hotmail.com,1,"2012-03-08 13:36:57",1,"2000-01-01 00:00:00",Contact,9899,NULL,NULL,2
9783,"103, Bland Court",Edmondsley,"Old Knebworth","JK78 1LU",,1,Simone.Brandon@hotmail.com,1,"2012-03-08 13:36:57",1,"2000-01-01 00:00:00",Contact,9900,NULL,NULL,2
9784,"104, Allfrey Avenue",,Bucknell,"QS98 4HU",,1,Florence.Brooker@hotmail.com,1,"2012-03-08 13:36:57",1,"2000-01-01 00:00:00",Contact,9901,NULL,NULL,2
9785,"109, Beckham Road",Stockport,Sompting,"GG61 9JH",,1,Joan.Brush@hotmail.com,1,"2012-03-08 13:36:57",1,"2000-01-01 00:00:00",Contact,9902,NULL,NULL,2
9786,"79, Courtney Lane",,Daventry,"HG67 2QK",,1,Felicity.Cockayne@hotmail.com,1,"2012-03-08 13:36:57",1,"2000-01-01 00:00:00",Contact,9903,NULL,NULL,2
9787,"118, Deal Lane",Creigau,Butterleigh,"LU88 4AX",,1,Nevan.Broome@hotmail.com,1,"2012-03-08 13:36:57",1,"2000-01-01 00:00:00",Contact,9904,NULL,NULL,2
9788,"118, Bridgeman Street",Lisdoonvarna,Walshford,"SJ37 1OF",,1,Tyler.Hoby@hotmail.com,1,"2012-03-08 13:36:57",1,"2000-01-01 00:00:00",Contact,9905,NULL,NULL,2
9789,"23, F Lane",,Alford,"ZM25 1CF",Gwent,1,Bret.Bushell@hotmail.com,1,"2012-03-08 13:36:57",1,"2000-01-01 00:00:00",Contact,9906,NULL,NULL,2
9790,"21, Cole Street",Dormington,Angle,"WL95 5TK",Derbyshire,1,Katie.Williamson@hotmail.com,1,"2012-03-08 13:36:57",1,"2000-01-01 00:00:00",Contact,9907,NULL,NULL,2
9791,"58, Close Road",Washford,Bunbury,"LK29 5JW",,1,Jenson.Carlisle@hotmail.com,1,"2012-03-08 13:36:57",1,"2000-01-01 00:00:00",Contact,9908,NULL,NULL,2
9792,"61, Spivey Avenue",Hurn,Burford,"NA77 3QX",,1,Mildred.Lawrence@hotmail.com,1,"2012-03-08 13:36:57",1,"2000-01-01 00:00:00",Contact,9909,NULL,NULL,2
9793,"45, Bent Lane",Kingsclere,Swalcliffe,"QH49 9DN","County Armagh",1,Andy.Mainwaring@hotmail.com,1,"2012-03-08 13:36:57",1,"2000-01-01 00:00:00",Contact,9910,NULL,NULL,2
9794,"106, Cavendish Road",,Harwich,"RF59 9HU","County Antrim",1,Dorian.Burroughs@hotmail.com,1,"2012-03-08 13:36:57",1,"2000-01-01 00:00:00",Contact,9911,NULL,NULL,2
9795,"81, Sartorius Crescent",,Llannon,"HG65 6AP",Wiltshire,1,Alexander.Jerald@hotmail.com,1,"2012-03-08 13:36:57",1,"2000-01-01 00:00:00",Contact,9912,NULL,NULL,2
9796,"66, Bestor Road",Bramfield,Glynneath,"VS31 7AR",,1,Meredith.Brock@hotmail.com,1,"2012-03-08 13:36:57",1,"2000-01-01 00:00:00",Contact,9913,NULL,NULL,2
9797,"85, Broom Lane",,Dorridge,"VQ11 2TZ",,1,Nicholas.Hawkins@hotmail.com,1,"2012-03-08 13:36:57",1,"2000-01-01 00:00:00",Contact,9914,NULL,NULL,2
9798,"26, Illidge Road",Wincle,"Knowl Hill","FY81 3VM",Lincolnshire,1,Savannah.Willson@hotmail.com,1,"2012-03-08 13:36:57",1,"2000-01-01 00:00:00",Contact,9915,NULL,NULL,2
9799,"42, Spivey Road",,"Ashburnham Place","VJ11 4PM",Surrey,1,Michaela.Bourchier@hotmail.com,1,"2012-03-08 13:36:57",1,"2000-01-01 00:00:00",Contact,9916,NULL,NULL,2
9801,"70, Gibson Crescent",,Purfleet,"KE16 3LD",Derbyshire,1,Annabel.Catchpole@hotmail.com,1,"2012-03-08 13:36:57",1,"2000-01-01 00:00:00",Contact,9918,NULL,NULL,2
9802,"93, Morris Avenue",,Carmichael,"ML81 3TB",,1,Pete.Widdrington@hotmail.com,1,"2012-03-08 13:36:57",1,"2000-01-01 00:00:00",Contact,9919,NULL,NULL,2
9803,"55, Alberts Avenue",,"Green Park","WF65 4QP",,1,Blanche.Clavering@hotmail.com,1,"2012-03-08 13:36:57",1,"2000-01-01 00:00:00",Contact,9920,NULL,NULL,2
9804,"26, Savidge Lane",,Charlestown,"FG37 3TF",,1,Bertram.Babington@hotmail.com,1,"2012-03-08 13:36:57",1,"2000-01-01 00:00:00",Contact,9921,NULL,NULL,2
9805,"103, Catterall Court",,Miserden,"SN54 4PO",,1,Henrietta.Renshaw@hotmail.com,1,"2012-03-08 13:36:57",1,"2000-01-01 00:00:00",Contact,9922,NULL,NULL,2
9806,"48, Cree Avenue",Broadstairs,Madley,"PC28 4KY",Essex,1,Patricia.Burroughs@hotmail.com,1,"2012-03-08 13:36:57",1,"2000-01-01 00:00:00",Contact,9923,NULL,NULL,2
9807,"88, Childe Lane",Newtonmore,Erskine,"SY85 9ZE",,1,Derek.Broughton@hotmail.com,1,"2012-03-08 13:36:57",1,"2000-01-01 00:00:00",Contact,9924,NULL,NULL,2
9808,"86, Peace Avenue","Llantwit Major",Blanchland,"BC37 2YK",Grampian,1,Patricia.Philbrook@hotmail.com,1,"2012-03-08 13:36:57",1,"2000-01-01 00:00:00",Contact,9925,NULL,NULL,2
9809,"98, Codling Crescent",Plymouth,Cardross,"TN52 2JN",,1,Emma.Calbraith@hotmail.com,1,"2012-03-08 13:36:57",1,"2000-01-01 00:00:00",Contact,9926,NULL,NULL,2
9810,"82, Breckenridge Lane","West Frome",Countywide,"DJ17 6SO","Greater Manchester",1,Matilda.Hueffer@hotmail.com,1,"2012-03-08 13:36:57",1,"2000-01-01 00:00:00",Contact,9927,NULL,NULL,2
9811,"5, Denman Road",,Freuchie,"MU56 2LS",,1,Abigail.Clapp@hotmail.com,1,"2012-03-08 13:36:57",1,"2000-01-01 00:00:00",Contact,9928,NULL,NULL,2
9812,"117, Birchall Lane",,Brandesburton,"PN58 4BC",,1,Bartholomew.Bedingfield@hotmail.com,1,"2012-03-08 13:36:57",1,"2000-01-01 00:00:00",Contact,9929,NULL,NULL,2
9813,"20, Croasdale Crescent",,Thurnscoe,"FP74 2QJ",,1,Warren.Wylde@hotmail.com,1,"2012-03-08 13:36:57",1,"2000-01-01 00:00:00",Contact,9930,NULL,NULL,2
9814,"110, Cliff Crescent",,Tintern,"BH22 4YN",,1,Anna.Clinton@hotmail.com,1,"2012-03-08 13:36:57",1,"2000-01-01 00:00:00",Contact,9931,NULL,NULL,2
9815,"17, Copley Road",,Quainton,"AI35 5UK",Lothian,1,Autumn.Aldridge@hotmail.com,1,"2012-03-08 13:36:57",1,"2000-01-01 00:00:00",Contact,9932,NULL,NULL,2
9816,"96, Bourne Road",,Wortley,"SX65 7QE",Durham,1,Selina.Brightman@hotmail.com,1,"2012-03-08 13:36:57",1,"2000-01-01 00:00:00",Contact,9933,NULL,NULL,2
9817,"61, Spenser Avenue",Yoxford,Countywide,"BW23 2UG",,1,Braden.Cussons@hotmail.com,1,"2012-03-08 13:36:57",1,"2000-01-01 00:00:00",Contact,9934,NULL,NULL,2
9818,"70, Barclay Lane",Whitington,Bootle,"VI18 1OR",,1,Mark.Vincent@hotmail.com,1,"2012-03-08 13:36:57",1,"2000-01-01 00:00:00",Contact,9935,NULL,NULL,2
9819,"4, Mobbs Lane",Burntwood,Overton,"GV70 4KJ",,1,Sophia.Patmore@hotmail.com,1,"2012-03-08 13:36:57",1,"2000-01-01 00:00:00",Contact,9936,NULL,NULL,2
9820,"52, Neilson Court",Sutton-in-Ashfield,Wimborne,"FK69 3AY",,1,Reginald.Reynell@hotmail.com,1,"2012-03-08 13:36:57",1,"2000-01-01 00:00:00",Contact,9937,NULL,NULL,2
9821,"69, Savidge Avenue",Ballachulish,Luss,"RU88 4LK",Staffordshire,1,Rowena.Warren@hotmail.com,1,"2012-03-08 13:36:57",1,"2000-01-01 00:00:00",Contact,9938,NULL,NULL,2
9822,"83, Butt Avenue",,Harpenden,"IW40 1ED",,1,Maximilian.Pleydell-Bouverie@hotmail.com,1,"2012-03-08 13:36:57",1,"2000-01-01 00:00:00",Contact,9939,NULL,NULL,2
9823,"98, Stokes Avenue",,Plumpton,"DH69 2TL","North Yorkshire",1,Sam.Bloxsom@hotmail.com,1,"2012-03-08 13:36:57",1,"2000-01-01 00:00:00",Contact,9940,NULL,NULL,2
9824,"60, Elderton Avenue",Portglenone,Churchdown,"JG62 8AG",,1,Vicary.Howorth@hotmail.com,1,"2012-03-08 13:36:57",1,"2000-01-01 00:00:00",Contact,9941,NULL,NULL,2
9825,"18, Denman Road","Low Moor",Fotheringhay,"JT38 3CX","North Yorkshire",1,Miley.Brearley@hotmail.com,1,"2012-03-08 13:36:57",1,"2000-01-01 00:00:00",Contact,9942,NULL,NULL,2
9826,"105, Cobbett Road",,"Sutton at Hone","ET39 2SS",Lothian,1,David.Appleby@hotmail.com,1,"2012-03-08 13:36:57",1,"2000-01-01 00:00:00",Contact,9943,NULL,NULL,2
9827,"64, Teagarden Road","Peppard Common",Bedworth,"BT67 1SL",Devon,1,Nancy.Cross@hotmail.com,1,"2012-03-08 13:36:57",1,"2000-01-01 00:00:00",Contact,9944,NULL,NULL,2
9828,"5, Beckford Crescent",Hindon,Higham,"YE94 9FV",,1,Theodore.Cassie@hotmail.com,1,"2012-03-08 13:36:57",1,"2000-01-01 00:00:00",Contact,9945,NULL,NULL,2
9829,"65, Wilby Crescent",Annacloy,Lamphey,"OK80 4CR",,1,Debbie.Thomson@hotmail.com,1,"2012-03-08 13:36:57",1,"2000-01-01 00:00:00",Contact,9946,NULL,NULL,2
9830,"108, Courtney Crescent",,"Wootton Wawen","KZ91 1ZJ",,1,Elaine.Branch@hotmail.com,1,"2012-03-08 13:36:57",1,"2000-01-01 00:00:00",Contact,9947,NULL,NULL,2
9831,"47, Day-Lewis Court","Darley Abbey",Llandwrog,"KN92 7DW",Cornwall,1,Simone.Croasdale@hotmail.com,1,"2012-03-08 13:36:57",1,"2000-01-01 00:00:00",Contact,9948,NULL,NULL,2
9832,"76, Bowlby Road","East Huntspill","Norton in Hales","ZT25 4HN",,1,George.Sartorius@hotmail.com,1,"2012-03-08 13:36:57",1,"2000-01-01 00:00:00",Contact,9949,NULL,NULL,2
9833,"44, Bulwer-Lytton Court",,Weedon,"PY16 1MU",,1,Lillian.Barclay@hotmail.com,1,"2012-03-08 13:36:57",1,"2000-01-01 00:00:00",Contact,9950,NULL,NULL,2
9834,"40, Bevins Court",,"Potters Bar","YB83 9BF",,1,Barbara.Beckham@hotmail.com,1,"2012-03-08 13:36:57",1,"2000-01-01 00:00:00",Contact,9951,NULL,NULL,2
9835,"117, Clarkson Crescent",,Shadwell,"WC67 2WA",Derbyshire,1,Jill.Clapp@hotmail.com,1,"2012-03-08 13:36:57",1,"2000-01-01 00:00:00",Contact,9952,NULL,NULL,2
9836,"90, Bridges Crescent",,Llangefni,"IZ60 2FS",Avon,1,Vicary.Middlemass@hotmail.com,1,"2012-03-08 13:36:57",1,"2000-01-01 00:00:00",Contact,9953,NULL,NULL,2
9837,"3, Cavendish-Bentinck Road",,Erwarton,"EX19 8BK",,1,Emily.Copley@hotmail.com,1,"2012-03-08 13:36:57",1,"2000-01-01 00:00:00",Contact,9954,NULL,NULL,2
9838,"87, Browning Avenue",,Tregadillett,"HP19 7SP",,1,Lee.Derrick@hotmail.com,1,"2012-03-08 13:36:57",1,"2000-01-01 00:00:00",Contact,9955,NULL,NULL,2
9839,"62, Ferrer Avenue",,Surbiton,"RL46 7HY",,1,Melinda.Davison@hotmail.com,1,"2012-03-08 13:36:57",1,"2000-01-01 00:00:00",Contact,9956,NULL,NULL,2
9840,"44, Sartorius Court",,Craignure,"NR93 6MB",,1,Gabriel.Roane@hotmail.com,1,"2012-03-08 13:36:57",1,"2000-01-01 00:00:00",Contact,9957,NULL,NULL,2
9841,"8, Fitz Crescent",,Bryncrug,"DV30 5LZ","West Glamorgan",1,Rebecca.Norman@hotmail.com,1,"2012-03-08 13:36:57",1,"2000-01-01 00:00:00",Contact,9958,NULL,NULL,2
9842,"26, Langtry Street",,"Lower Cwmtwrch","CV24 1GR",,1,Rowena.Trueman@hotmail.com,1,"2012-03-08 13:36:57",1,"2000-01-01 00:00:00",Contact,9959,NULL,NULL,2
9843,"75, Crick Road",Northolt,Coldstream,"XB12 2ZP",,1,Louise.Stumbles@hotmail.com,1,"2012-03-08 13:36:57",1,"2000-01-01 00:00:00",Contact,9960,NULL,NULL,2
9844,"32, Welles Crescent",,Aveley,"AE39 8YN",Essex,1,Craig.Leonard@hotmail.com,1,"2012-03-08 13:36:57",1,"2000-01-01 00:00:00",Contact,9961,NULL,NULL,2
9845,"55, Fellows Avenue",,Spaldwick,"EP37 9WC",Shropshire,1,Juniper.Alston@hotmail.com,1,"2012-03-08 13:36:57",1,"2000-01-01 00:00:00",Contact,9962,NULL,NULL,2
9846,"1, Scroggs Street",,Burlescombe,"IQ90 5YW","West Midlands",1,Myron.Woolford@hotmail.com,1,"2012-03-08 13:36:57",1,"2000-01-01 00:00:00",Contact,9963,NULL,NULL,2
9847,"6, Nelson Lane",Berkhamsted,Linwood,"PX26 1LK",,1,Bette.Ainscough@hotmail.com,1,"2012-03-08 13:36:57",1,"2000-01-01 00:00:00",Contact,9964,NULL,NULL,2
9848,"32, Olmsted Crescent",,Stevenage,"VH13 1BO",Rutland,1,Tristan.Bryant@hotmail.com,1,"2012-03-08 13:36:57",1,"2000-01-01 00:00:00",Contact,9965,NULL,NULL,2
9849,"91, Alcock Lane",Belgravia,Exminster,"QW44 2IJ",,1,Rowan.Golden@hotmail.com,1,"2012-03-08 13:36:57",1,"2000-01-01 00:00:00",Contact,9966,NULL,NULL,2
9850,"32, Wood Crescent",Calvine,Diptford,"KI49 5WL",,1,Richard.Blackwood@hotmail.com,1,"2012-03-08 13:36:57",1,"2000-01-01 00:00:00",Contact,9967,NULL,NULL,2
9851,"105, Smollett Court",Beaulieu,Laugharne,"CD42 2AC",,1,Caden.Darnell@hotmail.com,1,"2012-03-08 13:36:57",1,"2000-01-01 00:00:00",Contact,9968,NULL,NULL,2
9852,"110, Maitland Road",,Kilmacolm,"SF41 5YP",Norfolk,1,Percy.Barefoot@hotmail.com,1,"2012-03-08 13:36:57",1,"2000-01-01 00:00:00",Contact,9969,NULL,NULL,2
9853,"17, Jacobson Lane",Walderton,Hubberholme,"FE28 3FX",,1,Lindsay.Cotton@hotmail.com,1,"2012-03-08 13:36:57",1,"2000-01-01 00:00:00",Contact,9970,NULL,NULL,2
9854,"70, Chatto Court",,Coleford,"RV56 5II",Rutland,1,Rachel.Gabbard@hotmail.com,1,"2012-03-08 13:36:57",1,"2000-01-01 00:00:00",Contact,9971,NULL,NULL,2
9855,"28, Acland Avenue",,Sudbury,"CG76 6EM",Derbyshire,1,Edna.Pickard@hotmail.com,1,"2012-03-08 13:36:57",1,"2000-01-01 00:00:00",Contact,9972,NULL,NULL,2
9856,"87, Bullard Lane",,Rogerstone,"RD61 6US","Gwynedd County",1,Dorothy.Beauchamp@hotmail.com,1,"2012-03-08 13:36:57",1,"2000-01-01 00:00:00",Contact,9973,NULL,NULL,2
9857,"113, Stapleton Crescent",Nazeing,"Steeple Aston","CP85 7KJ",,1,Pamela.Camp@hotmail.com,1,"2012-03-08 13:36:57",1,"2000-01-01 00:00:00",Contact,9974,NULL,NULL,2
9858,"41, Booth Road",Horwich,Queensferry,"AA47 1CX",Grampian,1,Charles.Conant@hotmail.com,1,"2012-03-08 13:36:57",1,"2000-01-01 00:00:00",Contact,9975,NULL,NULL,2
9859,"61, Hueffer Lane",Keighley,Birchington,"SJ73 4YX",Cumbria,1,Justine.Bourne@hotmail.com,1,"2012-03-08 13:36:57",1,"2000-01-01 00:00:00",Contact,9976,NULL,NULL,2
9860,"85, Bigg Avenue",,Dundrum,"EG70 3TV",Northumberland,1,Josephine.Ashford@hotmail.com,1,"2012-03-08 13:36:57",1,"2000-01-01 00:00:00",Contact,9977,NULL,NULL,2
9861,"44, Seymour Court",,"Milton Ernest","ID82 6JM",,1,Virginia.Sprot@hotmail.com,1,"2012-03-08 13:36:57",1,"2000-01-01 00:00:00",Contact,9978,NULL,NULL,2
9862,"120, Catt Lane",,Resipole,"PY60 8GL",,1,Kate.Barron@hotmail.com,1,"2012-03-08 13:36:57",1,"2000-01-01 00:00:00",Contact,9979,NULL,NULL,2
9863,"111, Catt Road",,Alne,"DB57 8HM",,1,Patricia.Childs@hotmail.com,1,"2012-03-08 13:36:57",1,"2000-01-01 00:00:00",Contact,9980,NULL,NULL,2
9864,"25, Poulter Lane",,Conington,"IV16 4KQ",,1,Patricia.White@hotmail.com,1,"2012-03-08 13:36:57",1,"2000-01-01 00:00:00",Contact,9981,NULL,NULL,2
9865,"96, Gibbs Court",,Stourport-on-Severn,"TU41 9GO",,1,Edna.Benton@hotmail.com,1,"2012-03-08 13:36:57",1,"2000-01-01 00:00:00",Contact,9982,NULL,NULL,2
9866,"29, Charnock Crescent",Boscombe,Stanford-le-Hope,"TF82 3QI","Tyne and Wear",1,Frederick.Cooper@hotmail.com,1,"2012-03-08 13:36:57",1,"2000-01-01 00:00:00",Contact,9983,NULL,NULL,2
9867,"66, Beckham Avenue",,Trimsaran,"QY94 4GA",,1,Emma.Hobbs@hotmail.com,1,"2012-03-08 13:36:57",1,"2000-01-01 00:00:00",Contact,9984,NULL,NULL,2
9868,"118, Crowe Avenue",Comber,Strathtay,"UK95 8AX","West Yorkshire",1,Rachel.Welles@hotmail.com,1,"2012-03-08 13:36:57",1,"2000-01-01 00:00:00",Contact,9985,NULL,NULL,2
9869,"50, Atkins Court",,Thorpeness,"HX18 3UU",Borders,1,Maude.Pennington@hotmail.com,1,"2012-03-08 13:36:57",1,"2000-01-01 00:00:00",Contact,9986,NULL,NULL,2
9870,"97, Cavendish Road",,Cressage,"AF44 3CC",,1,Patrick.Harriss@hotmail.com,1,"2012-03-08 13:36:57",1,"2000-01-01 00:00:00",Contact,9987,NULL,NULL,2
9871,"49, Alder Street",,Netherton,"SH78 2ZB",,1,Elaine.Trainor@hotmail.com,1,"2012-03-08 13:36:57",1,"2000-01-01 00:00:00",Contact,9988,NULL,NULL,2
9872,"76, Olmsted Avenue",,Holmesfield,"HK68 4JI",Wiltshire,1,Jaden.Cannan@hotmail.com,1,"2012-03-08 13:36:57",1,"2000-01-01 00:00:00",Contact,9989,NULL,NULL,2
9873,"81, Culliford Street",Brixton,Toxteth,"CY77 4EV",Leicestershire,1,Kimball.Brown@hotmail.com,1,"2012-03-08 13:36:57",1,"2000-01-01 00:00:00",Contact,9990,NULL,NULL,2
9874,"75, Chance Road",,Rothbury,"VG18 7PI",Northamptonshire,1,Valerie.Mayhew@hotmail.com,1,"2012-03-08 13:36:57",1,"2000-01-01 00:00:00",Contact,9991,NULL,NULL,2
9875,"53, Beaupre Crescent",Burnhope,Compton,"AW20 1QJ",,1,Marlene.Brock@hotmail.com,1,"2012-03-08 13:36:57",1,"2000-01-01 00:00:00",Contact,9992,NULL,NULL,2
9876,"31, Coxon Street",Tipton,Wootton,"XS71 3JA",Powys,1,Suzanne.Skivington@hotmail.com,1,"2012-03-08 13:36:57",1,"2000-01-01 00:00:00",Contact,9993,NULL,NULL,2
9877,"79, Atkins Court",,"Temple Cloud","FB14 2MS",,1,Agnes.Miles@hotmail.com,1,"2012-03-08 13:36:57",1,"2000-01-01 00:00:00",Contact,9994,NULL,NULL,2
9878,"107, Rudman Street",,Holyhead,"JS32 8NL","County Down",1,Justine.Chadwick@hotmail.com,1,"2012-03-08 13:36:57",1,"2000-01-01 00:00:00",Contact,9995,NULL,NULL,2
9879,"118, Richardson Road",,"St Hilary","IG76 6JD",,1,Paul.Belcher@hotmail.com,1,"2012-03-08 13:36:57",1,"2000-01-01 00:00:00",Contact,9996,NULL,NULL,2
9880,"99, Cumberland Street",,Ballachulish,"XI59 9RS",,1,Stacey.Cannan@hotmail.com,1,"2012-03-08 13:36:57",1,"2000-01-01 00:00:00",Contact,9997,NULL,NULL,2
9881,"18, Brooker Crescent",,Medmenham,"MH24 1MZ",Oxfordshire,1,Philippa.Nicholson@hotmail.com,1,"2012-03-08 13:36:57",1,"2000-01-01 00:00:00",Contact,9998,NULL,NULL,2
9882,"112, Wells Lane",Charminster,Tean,"VO38 2IB",Hampshire,1,Kimberly.Bennet@hotmail.com,1,"2012-03-08 13:36:58",1,"2000-01-01 00:00:00",Contact,9999,NULL,NULL,2
9883,"120, Boddy Street","Padworth Common",Barrow-in-Furness,"TB84 9RR",Kent,1,Barbara.Mather@hotmail.com,1,"2012-03-08 13:36:58",1,"2000-01-01 00:00:00",Contact,10000,NULL,NULL,2
9884,"106, Willcocks Road","Thornton Watlass",Dunblane,"YA42 2OD",Derbyshire,1,Penelope.Shayne@hotmail.com,1,"2012-03-08 13:36:58",1,"2000-01-01 00:00:00",Contact,10001,NULL,NULL,2
9885,"83, Samuelson Road",,Cricklewood,"QD99 6JP",Rutland,1,Louise.Cobbold@hotmail.com,1,"2012-03-08 13:36:58",1,"2000-01-01 00:00:00",Contact,10002,NULL,NULL,2
9886,"2, Burns Crescent",Rowsley,Longueville,"FO39 5SA",,1,Audrey.Scarisbrick@hotmail.com,1,"2012-03-08 13:36:58",1,"2000-01-01 00:00:00",Contact,10003,NULL,NULL,2
9887,"57, Brewer Court",,Welford-on-Avon,"VU83 3XC",,1,Patsy.Beck@hotmail.com,1,"2012-03-08 13:36:58",1,"2000-01-01 00:00:00",Contact,10004,NULL,NULL,2
9888,"1, Codling Court",Piccadilly,Oxhill,"QJ19 4WW",,1,Melville.Edwards@hotmail.com,1,"2012-03-08 13:36:58",1,"2000-01-01 00:00:00",Contact,10005,NULL,NULL,2
9889,"76, Camp Street",,Oswaldkirk,"RZ37 8SC",Wiltshire,1,Bertha.Hansom@hotmail.com,1,"2012-03-08 13:36:58",1,"2000-01-01 00:00:00",Contact,10006,NULL,NULL,2
9890,"16, Davidson Court",,"Burghfield Common","YF54 9SG",,1,Chance.Savidge@hotmail.com,1,"2012-03-08 13:36:58",1,"2000-01-01 00:00:00",Contact,10007,NULL,NULL,2
9891,"31, Hawkins Court",,"Y Felinheli","AU68 5CO",,1,Savannah.Meyers@hotmail.com,1,"2012-03-08 13:36:58",1,"2000-01-01 00:00:00",Contact,10008,NULL,NULL,2
9892,"101, Wakeham Street",Bellshill,Markyate,"NX87 3YD",,1,Lucinda.Astbury@hotmail.com,1,"2012-03-08 13:36:58",1,"2000-01-01 00:00:00",Contact,10009,NULL,NULL,2
9893,"108, Atkins Avenue",,Dedham,"CR87 9KA",Avon,1,Brett.Cundy@hotmail.com,1,"2012-03-08 13:36:58",1,"2000-01-01 00:00:00",Contact,10010,NULL,NULL,2
9894,"36, Burns Street",,"St Hilary","MO30 4IO",,1,Barbara.Coulson@hotmail.com,1,"2012-03-08 13:36:58",1,"2000-01-01 00:00:00",Contact,10011,NULL,NULL,2
9895,"61, Appleton Street",,Snape,"OW92 4FW",,1,Nelson.Tomlin@hotmail.com,1,"2012-03-08 13:36:58",1,"2000-01-01 00:00:00",Contact,10012,NULL,NULL,2
9896,"35, Appleyard Road","Gilling West","Church Stretton","WV95 4NX",Tayside,1,Nancy.Furse@hotmail.com,1,"2012-03-08 13:36:58",1,"2000-01-01 00:00:00",Contact,10013,NULL,NULL,2
9897,"103, Abbott Avenue",Ewell,"Selly Park","QF96 7FR",Derbyshire,1,Braden.Bevins@hotmail.com,1,"2012-03-08 13:36:58",1,"2000-01-01 00:00:00",Contact,10014,NULL,NULL,2
9898,"6, Mallory Avenue",Lympstone,Donisthorpe,"NM21 5RN",,1,Virginia.Croucher@hotmail.com,1,"2012-03-08 13:36:58",1,"2000-01-01 00:00:00",Contact,10015,NULL,NULL,2
9899,"53, Allam Road",,Muckamore,"OI78 1HG","West Yorkshire",1,Kirsten.Weddell@hotmail.com,1,"2012-03-08 13:36:58",1,"2000-01-01 00:00:00",Contact,10016,NULL,NULL,2
9901,"95, Cooke Street",,"High Roding","CY75 4XE",Herefordshire,1,Julia.Mallory@hotmail.com,1,"2012-03-08 13:36:58",1,"2000-01-01 00:00:00",Contact,10018,NULL,NULL,2
9902,"70, Truitt Crescent",Invergarry,Crook,"DJ26 6LP",Cleveland,1,Edmund.Chilton@hotmail.com,1,"2012-03-08 13:36:58",1,"2000-01-01 00:00:00",Contact,10019,NULL,NULL,2
9903,"7, Clavering Court","Buckland Newton",Harvington,"SQ63 2XP","County Londonderry",1,Alice.Barefoot@hotmail.com,1,"2012-03-08 13:36:58",1,"2000-01-01 00:00:00",Contact,10020,NULL,NULL,2
9904,"110, Philbrook Lane",,Kempsey,"SF96 1UC",,1,Edmund.Breedlove@hotmail.com,1,"2012-03-08 13:36:58",1,"2000-01-01 00:00:00",Contact,10021,NULL,NULL,2
9905,"33, Cockerell Court",,Mealsgate,"YX79 8JS","County Down",1,Rowan.Cahoon@hotmail.com,1,"2012-03-08 13:36:58",1,"2000-01-01 00:00:00",Contact,10022,NULL,NULL,2
9906,"84, Ward Crescent",Bournheath,"Marsh Benham","BN77 7CL",Surrey,1,Nathanael.Grainger@hotmail.com,1,"2012-03-08 13:36:58",1,"2000-01-01 00:00:00",Contact,10023,NULL,NULL,2
9907,"116, Clowes Road",Raglan,"Lower Peover","SZ98 9AQ",Lincolnshire,1,Vanessa.Brewer@hotmail.com,1,"2012-03-08 13:36:58",1,"2000-01-01 00:00:00",Contact,10024,NULL,NULL,2
9908,"40, Farrington Lane",Marsham,Hardwick,"FD47 7FQ","Highlands and Islands",1,Whitney.Myerscough@hotmail.com,1,"2012-03-08 13:36:58",1,"2000-01-01 00:00:00",Contact,10025,NULL,NULL,2
9909,"101, Flack Street","Lytham St Annes",Holsworthy,"UZ78 2SJ","County Fermanagh",1,Matilda.Child@hotmail.com,1,"2012-03-08 13:36:58",1,"2000-01-01 00:00:00",Contact,10026,NULL,NULL,2
9910,"30, Thompson Road",,Orford,"JJ26 8GY",Somerset,1,Edwin.Granger@hotmail.com,1,"2012-03-08 13:36:58",1,"2000-01-01 00:00:00",Contact,10027,NULL,NULL,2
9911,"82, Meyers Street",,Portknockie,"AK75 3CY",Oxfordshire,1,Mallory.Bugden@hotmail.com,1,"2012-03-08 13:36:58",1,"2000-01-01 00:00:00",Contact,10028,NULL,NULL,2
9912,"64, Coles Court",,"Hockley Heath","ED98 7LX",Oxfordshire,1,Nicholas.Burdine@hotmail.com,1,"2012-03-08 13:36:58",1,"2000-01-01 00:00:00",Contact,10029,NULL,NULL,2
9913,"71, Woodson Crescent",Dulas,Markfield,"RL16 9PD",Staffordshire,1,Jonathan.Sikes@hotmail.com,1,"2012-03-08 13:36:58",1,"2000-01-01 00:00:00",Contact,10030,NULL,NULL,2
9914,"81, Helton Road","Chipping Norton",Downend,"UF50 1ZU",,1,Nicholas.Brierley@hotmail.com,1,"2012-03-08 13:36:58",1,"2000-01-01 00:00:00",Contact,10031,NULL,NULL,2
9915,"87, Carlson Road",,Tadmarton,"ZP44 4PP","South Glamorgan",1,Quentin.Brewer@hotmail.com,1,"2012-03-08 13:36:58",1,"2000-01-01 00:00:00",Contact,10032,NULL,NULL,2
9916,"62, Woolgar Street","Coalpit Heath",Weston-on-the-Green,"SV89 4YB",,1,Tristan.Hemingway@hotmail.com,1,"2012-03-08 13:36:58",1,"2000-01-01 00:00:00",Contact,10033,NULL,NULL,2
9917,"106, Reynell Street",,Osmington,"GT83 8KG",,1,Andrew.Teasdale@hotmail.com,1,"2012-03-08 13:36:58",1,"2000-01-01 00:00:00",Contact,10034,NULL,NULL,2
9918,"24, Ruddy Court",,Tomatin,"JM39 4VE","Highlands and Islands",1,Alec.Simpson@hotmail.com,1,"2012-03-08 13:36:58",1,"2000-01-01 00:00:00",Contact,10035,NULL,NULL,2
9919,"17, Janes Court",Newlyn,Warmingham,"MO28 7HI",Oxfordshire,1,Mallory.Butterworth@hotmail.com,1,"2012-03-08 13:36:58",1,"2000-01-01 00:00:00",Contact,10036,NULL,NULL,2
9920,"63, De Morgan Avenue",Widdop,Bow,"ML27 7DD",,1,Derek.Trainor@hotmail.com,1,"2012-03-08 13:36:58",1,"2000-01-01 00:00:00",Contact,10037,NULL,NULL,2
9921,"65, Talbott Court",,Shapwick,"XA25 8NL",,1,Jessie.Calbraith@hotmail.com,1,"2012-03-08 13:36:58",1,"2000-01-01 00:00:00",Contact,10038,NULL,NULL,2
9922,"119, Aitchison Court","Minster Lovell","Great Waltham","TU96 8QR",,1,Diamond.Bulwer-Lytton@hotmail.com,1,"2012-03-08 13:36:58",1,"2000-01-01 00:00:00",Contact,10039,NULL,NULL,2
9923,"82, Wheatley Crescent",,Maidenhead,"VJ29 1YW",,1,Mindy.Clark@hotmail.com,1,"2012-03-08 13:36:58",1,"2000-01-01 00:00:00",Contact,10040,NULL,NULL,2
9924,"8, Jackson Crescent",Aldringham,"Kingston Lisle","CG80 5CA",,1,Tess.Cross@hotmail.com,1,"2012-03-08 13:36:58",1,"2000-01-01 00:00:00",Contact,10041,NULL,NULL,2
9925,"108, Close Lane",,Ballingarry,"ZX85 4XQ","West Sussex",1,Hayden.Pleydell-Bouverie@hotmail.com,1,"2012-03-08 13:36:58",1,"2000-01-01 00:00:00",Contact,10042,NULL,NULL,2
9926,"1, Daniels Street",Chelford,Glenisla,"FO98 6DP",,1,Naomi.Brooker@hotmail.com,1,"2012-03-08 13:36:58",1,"2000-01-01 00:00:00",Contact,10043,NULL,NULL,2
9927,"12, Cockerill Avenue",Rotherham,Broughton,"NU26 4CA",Durham,1,Demi.Chapman@hotmail.com,1,"2012-03-08 13:36:58",1,"2000-01-01 00:00:00",Contact,10044,NULL,NULL,2
9928,"113, Butler Crescent","Bettws Evan",Lavernock,"HL32 4FS",,1,Virginia.Stevenson@hotmail.com,1,"2012-03-08 13:36:58",1,"2000-01-01 00:00:00",Contact,10045,NULL,NULL,2
9929,"78, Appleby Crescent",,"Barton Le Clay","GO43 9MO","County Armagh",1,Demi.Crick@hotmail.com,1,"2012-03-08 13:36:58",1,"2000-01-01 00:00:00",Contact,10046,NULL,NULL,2
9930,"42, Smollett Court","North Newton",Edgehill,"KY19 7ZL",,1,Lucinda.Mather@hotmail.com,1,"2012-03-08 13:36:58",1,"2000-01-01 00:00:00",Contact,10047,NULL,NULL,2
9931,"85, Harrison Lane",Belsay,"Trearddur Bay","BY93 8YX",Gloucestershire,1,Tammy.Bullard@hotmail.com,1,"2012-03-08 13:36:58",1,"2000-01-01 00:00:00",Contact,10048,NULL,NULL,2
9932,"66, Bellos Lane",Claygate,Eastham,"OA89 7ZE",Hampshire,1,Alexander.Smith@hotmail.com,1,"2012-03-08 13:36:58",1,"2000-01-01 00:00:00",Contact,10049,NULL,NULL,2
9933,"61, Hobbs Crescent",,Bigbury-on-Sea,"OY57 2KS",,1,Ottilie.Jenson@hotmail.com,1,"2012-03-08 13:36:58",1,"2000-01-01 00:00:00",Contact,10050,NULL,NULL,2
9934,"3, Galton Crescent",Tayinloan,"Chew Magna","TR97 2FJ",Clwyd,1,Nelson.Witter@hotmail.com,1,"2012-03-08 13:36:58",1,"2000-01-01 00:00:00",Contact,10051,NULL,NULL,2
9935,"60, Brickman Court",,"St John","MK37 4XB",,1,Floyd.Breckenridge@hotmail.com,1,"2012-03-08 13:36:58",1,"2000-01-01 00:00:00",Contact,10052,NULL,NULL,2
9936,"59, Wilkinson Street",,Alrewas,"HU24 2WN",,1,Marcia.Coley@hotmail.com,1,"2012-03-08 13:36:58",1,"2000-01-01 00:00:00",Contact,10053,NULL,NULL,2
9937,"57, Chiles Court",,Dunbar,"HK84 3MF",Lincolnshire,1,Pearl.Bottomley@hotmail.com,1,"2012-03-08 13:36:58",1,"2000-01-01 00:00:00",Contact,10054,NULL,NULL,2
9938,"23, Kendal Crescent",,"Rhos on Sea","TZ98 1ND",,1,Simone.Blake@hotmail.com,1,"2012-03-08 13:36:58",1,"2000-01-01 00:00:00",Contact,10055,NULL,NULL,2
9939,"13, Wells Street",,Castletown,"ER89 7HW",Cumbria,1,Agnes.Sikes@hotmail.com,1,"2012-03-08 13:36:58",1,"2000-01-01 00:00:00",Contact,10056,NULL,NULL,2
9940,"44, Galton Crescent",,"Brightstone Bay","OT46 1GN","Highlands and Islands",1,Kenneth.Sexton@hotmail.com,1,"2012-03-08 13:36:58",1,"2000-01-01 00:00:00",Contact,10057,NULL,NULL,2
9941,"47, Alleine Street",Llanidloes,Holbeach,"QE82 1UF",,1,Allison.Armstead@hotmail.com,1,"2012-03-08 13:36:58",1,"2000-01-01 00:00:00",Contact,10058,NULL,NULL,2
9942,"20, Harriss Street",,"Bury St Edmunds","SB58 1HT",,1,Roger.Curtis@hotmail.com,1,"2012-03-08 13:36:58",1,"2000-01-01 00:00:00",Contact,10059,NULL,NULL,2
9943,"115, Cardew Lane",,Boosbeck,"FM86 2UV",,1,Jacob.Butt@hotmail.com,1,"2012-03-08 13:36:58",1,"2000-01-01 00:00:00",Contact,10060,NULL,NULL,2
9944,"91, Brooks Crescent",Tong,Maldon,"VJ32 5ND",,1,Barry.Wilsey@hotmail.com,1,"2012-03-08 13:36:58",1,"2000-01-01 00:00:00",Contact,10061,NULL,NULL,2
9945,"14, Bennett Lane",Aughton,Morpeth,"KS87 4XR",,1,Sylvia.Bickerton@hotmail.com,1,"2012-03-08 13:36:58",1,"2000-01-01 00:00:00",Contact,10062,NULL,NULL,2
9946,"22, Ashford Road",Burstwick,Ufford,"DR90 7PG",Cambridgeshire,1,Pamela.Allerton@hotmail.com,1,"2012-03-08 13:36:58",1,"2000-01-01 00:00:00",Contact,10063,NULL,NULL,2
9947,"24, Jerrold Crescent",,Sulgrave,"CO27 3ZD",,1,Sue.Colville@hotmail.com,1,"2012-03-08 13:36:58",1,"2000-01-01 00:00:00",Contact,10064,NULL,NULL,2
9948,"88, Ackerman Road",,Ockley,"AW84 1AR",Cambridgeshire,1,Diamond.Bagnold@hotmail.com,1,"2012-03-08 13:36:58",1,"2000-01-01 00:00:00",Contact,10065,NULL,NULL,2
9949,"82, Strickland Crescent",Northrepps,Upavon,"TO81 1BU",,1,Iris.Maye@hotmail.com,1,"2012-03-08 13:36:58",1,"2000-01-01 00:00:00",Contact,10066,NULL,NULL,2
9950,"110, Wheatley Lane",Marple,Treboeth,"BW11 4GY",,1,Jake.Bullokar@hotmail.com,1,"2012-03-08 13:36:58",1,"2000-01-01 00:00:00",Contact,10067,NULL,NULL,2
9951,"114, Bottomley Road",,"Santon Bridge","PB97 9LO",,1,Philippa.Tawney@hotmail.com,1,"2012-03-08 13:36:58",1,"2000-01-01 00:00:00",Contact,10068,NULL,NULL,2
9952,"91, Dennett Crescent",,Wormit,"WH32 4WB",Buckinghamshire,1,Amber.Coburn@hotmail.com,1,"2012-03-08 13:36:58",1,"2000-01-01 00:00:00",Contact,10069,NULL,NULL,2
9953,"58, Myers Court",Polegate,Galway,"SS95 9VG","West Glamorgan",1,Maddox.Willingham@hotmail.com,1,"2012-03-08 13:36:58",1,"2000-01-01 00:00:00",Contact,10070,NULL,NULL,2
9954,"71, Granger Court",Awre,"St Clears","KZ38 2SD",,1,Abraham.Brent@hotmail.com,1,"2012-03-08 13:36:58",1,"2000-01-01 00:00:00",Contact,10071,NULL,NULL,2
9955,"62, Bristow Avenue",Comberbach,Churcham,"AB91 5DQ",,1,Paige.Crofts@hotmail.com,1,"2012-03-08 13:36:58",1,"2000-01-01 00:00:00",Contact,10072,NULL,NULL,2
9956,"91, Acres Court",,Evie,"AF36 1VG",,1,Olivia.Treffry@hotmail.com,1,"2012-03-08 13:36:58",1,"2000-01-01 00:00:00",Contact,10073,NULL,NULL,2
9957,"49, Compton Avenue",Ripley,"Long Newton","EU33 8GE",,1,Maggie.F@hotmail.com,1,"2012-03-08 13:36:58",1,"2000-01-01 00:00:00",Contact,10074,NULL,NULL,2
9958,"52, Bennet Road",,Kimbolton,"US73 6XF",Borders,1,Chet.Aarons@hotmail.com,1,"2012-03-08 13:36:58",1,"2000-01-01 00:00:00",Contact,10075,NULL,NULL,2
9959,"48, Wakeham Avenue",,Fawkham,"DL53 4KH",,1,Schuyler.Derrick@hotmail.com,1,"2012-03-08 13:36:58",1,"2000-01-01 00:00:00",Contact,10076,NULL,NULL,2
9960,"48, Cardew Road",,Leysdown-on-Sea,"AR62 1QY",Devon,1,Ashley.Buxton@hotmail.com,1,"2012-03-08 13:36:58",1,"2000-01-01 00:00:00",Contact,10077,NULL,NULL,2
9961,"20, Thurlow Court",,Kelso,"ZL96 4BH","Highlands and Islands",1,Julie.Alington@hotmail.com,1,"2012-03-08 13:36:58",1,"2000-01-01 00:00:00",Contact,10078,NULL,NULL,2
9962,"13, Pennington Road",Etchingham,Barnston,"NG27 7PL",,1,Gabriel.Broadbent@hotmail.com,1,"2012-03-08 13:36:58",1,"2000-01-01 00:00:00",Contact,10079,NULL,NULL,2
9963,"86, Wetherell Lane",,Hampstead,"FA36 2IZ",,1,Susan.Wilkinson@hotmail.com,1,"2012-03-08 13:36:58",1,"2000-01-01 00:00:00",Contact,10080,NULL,NULL,2
9964,"89, Charles Lane",Holt,"Notting Hill","TT62 9MS",Cheshire,1,Melissa.Fettiplace@hotmail.com,1,"2012-03-08 13:36:58",1,"2000-01-01 00:00:00",Contact,10081,NULL,NULL,2
9965,"31, Crisp Road",Tatenhill,"Lower Oddington","ND96 4GW",,1,Leonora.Brome@hotmail.com,1,"2012-03-08 13:36:58",1,"2000-01-01 00:00:00",Contact,10082,NULL,NULL,2
9966,"80, Michelson Court",,Jesmond,"LH70 8UY",Lincolnshire,1,Ryan.Hemingway@hotmail.com,1,"2012-03-08 13:36:58",1,"2000-01-01 00:00:00",Contact,10083,NULL,NULL,2
9967,"15, Bennet Avenue",,Tabley,"JP47 5BC","County Antrim",1,Archibald.Wheatley@hotmail.com,1,"2012-03-08 13:36:58",1,"2000-01-01 00:00:00",Contact,10084,NULL,NULL,2
9968,"99, Close Court",,Shipston-on-Stour,"NG42 7XQ","County Londonderry",1,Cowden.Daniels@hotmail.com,1,"2012-03-08 13:36:58",1,"2000-01-01 00:00:00",Contact,10085,NULL,NULL,2
9969,"76, Brightman Court",,Chilham,"CA90 4YM",,1,Patsy.Brett@hotmail.com,1,"2012-03-08 13:36:58",1,"2000-01-01 00:00:00",Contact,10086,NULL,NULL,2
9971,"162 CITY ROAD",,LONDON,"EC1V 2PD","GREATER LONDON",1,,1,"1900-01-01 00:00:00",1,"1900-01-01 00:00:00",Contact,10118,NULL,NULL,NULL
9972,"83, Wintour Lane",Northop,"Heald Green","GH14 2DH",Lothian,1,,1,"1900-01-01 00:00:00",1,"1900-01-01 00:00:00",Contact,10119,NULL,NULL,NULL
9973,"99, Helton Lane",,Laide,"MO40 5OY","County Down",1,,1,"1900-01-01 00:00:00",1,"1900-01-01 00:00:00",Contact,10120,NULL,NULL,NULL
9974,"1 City Road",,London,"EC1A 1AA",,1,,1,"1900-01-01 00:00:00",1,"1900-01-01 00:00:00",Contact,10099,NULL,NULL,NULL
9975,"Bedford Hospital NHS Trust","Kempston Road",Bedford,"MK42 9DJ",,1,,1,"1900-01-01 00:00:00",1,"1900-01-01 00:00:00",Contact,10100,NULL,NULL,NULL
9976,"Uxbridge Road",Southall,Middlesex,"UB1 3HW",,1,,1,"1900-01-01 00:00:00",1,"1900-01-01 00:00:00",Contact,10101,NULL,NULL,NULL
9977,"Northwick Park Hospital","Watford Road",Harrow,"HA1 3UJ",,1,,1,"1900-01-01 00:00:00",1,"1900-01-01 00:00:00",Contact,10102,NULL,NULL,NULL
9978,"St George\"s NHS Trust","Blackshaw Road",London,"SW17 0QT",,1,,1,"1900-01-01 00:00:00",1,"1900-01-01 00:00:00",Contact,10103,NULL,NULL,NULL
9979,"Mile End Hospital","Bancroft Road",London,"E1 4DG",,1,,1,"1900-01-01 00:00:00",1,"1900-01-01 00:00:00",Contact,10104,NULL,NULL,NULL
9980,"Potters Bar Community Hospital","Barnet Road","Potters Bar","EN6 2RY",,1,,1,"1900-01-01 00:00:00",1,"1900-01-01 00:00:00",Contact,10105,NULL,NULL,NULL
9981,"Roehampton Lane",Roehampton,London,"SW15 5PN",,1,,1,"1900-01-01 00:00:00",1,"1900-01-01 00:00:00",Contact,10106,NULL,NULL,NULL
9982,"St Ann\"s Hospital","St Ann\"s Road",London,"N15 3TH",,1,,1,"1900-01-01 00:00:00",1,"1900-01-01 00:00:00",Contact,10107,NULL,NULL,NULL
9983,"20 Bridge Lane",,London,"SW11 3AD",,1,,1,"1900-01-01 00:00:00",1,"1900-01-01 00:00:00",Contact,10108,NULL,NULL,NULL
9984,"Boots Opticians","201 Harlequin Shopping Centre",Watford,"WD17 2UB",,1,,1,"1900-01-01 00:00:00",1,"1900-01-01 00:00:00",Contact,10109,NULL,NULL,NULL
9985,"417 Ilford Lane",Ilford,Essex,"IG1 2SN",,1,,1,"1900-01-01 00:00:00",1,"1900-01-01 00:00:00",Contact,10110,NULL,NULL,NULL
9986,"Teddington Memorial Hospital","Hampton Road",Teddington,"TW11 0JL",,1,,1,"1900-01-01 00:00:00",1,"1900-01-01 00:00:00",Contact,10111,NULL,NULL,NULL
9987,"Upney Lane",Barking,Essex,"IG11 9LX",,1,,1,"1900-01-01 00:00:00",1,"1900-01-01 00:00:00",Contact,10112,NULL,NULL,NULL
9988,"62-64 High Street",Wealdstone,Harrow,"HA3 7AF",,1,,1,"1900-01-01 00:00:00",1,"1900-01-01 00:00:00",Contact,10113,NULL,NULL,NULL
9989,"Croydon University Hospital","33 Mayday Road","Thornton Heath","CR7 7YE",,1,,1,"1900-01-01 00:00:00",1,"1900-01-01 00:00:00",Contact,10114,NULL,NULL,NULL
9990,"Homerton Row",Hackney,London,"E9 6SR",,1,,1,"1900-01-01 00:00:00",1,"1900-01-01 00:00:00",Contact,10115,NULL,NULL,NULL
9991,"Hamstel Road",Harlow,Essex,"CM20 1QX",,1,,1,"1900-01-01 00:00:00",1,"1900-01-01 00:00:00",Contact,10116,NULL,NULL,NULL
9992,"Watford General Hospital","Vicarage Road",Watford,"WD18 0HB",,1,,1,"1900-01-01 00:00:00",1,"1900-01-01 00:00:00",Contact,10117,NULL,NULL,NULL
9993,"2 Country Lane",,London,"W9 2BB",,1,,1,"1900-01-01 00:00:00",1,"1900-01-01 00:00:00",Contact,10098,NULL,NULL,NULL
9994,"123 Test Street",,London,"NW3 5GH",,1,,1,"1900-01-01 00:00:00",1,"1900-01-01 00:00:00",Contact,10127,NULL,NULL,3
9995,"456 Test Street",,London,"NW3 5GJ",,1,,1,"1900-01-01 00:00:00",1,"1900-01-01 00:00:00",Contact,10128,NULL,NULL,3
